,index,pos,team,weighted_mean,ci_lower,ci_upper,game_count_2020,game_count_2021,game_count_2022,game_count_2023,weighted_game_count,discounted_ci_lower,Avg_Sacks,Avg_Interceptions,Avg_Fumble_Recoveries,Avg_Defensive_TDs,Avg_Points_Allowed
4,"Hill, Tyreek",WR,Miami,24.0,18.0,30.0,15,16,16,15,0.9,16.0,,,,,
5,"Lamb, CeeDee",WR,Dallas,22.0,17.0,28.0,15,15,16,16,0.94,15.0,,,,,
11,"Brown, A.J.",WR,Philadelphia,19.0,14.0,24.0,14,11,16,16,0.94,13.0,,,,,
14,"Adams, Davante",WR,Las Vegas,17.0,12.0,23.0,14,15,15,16,0.92,11.0,,,,,
17,"Evans, Mike",WR,Tampa Bay,16.0,12.0,21.0,16,15,15,16,0.92,11.0,,,,,
18,"Diggs, Stefon",WR,Houston,17.0,12.0,22.0,16,16,15,16,0.92,11.0,,,,,
25,"Smith, DeVonta",WR,Philadelphia,14.0,11.0,18.0,0,16,15,16,0.92,10.0,,,,,
29,"Moore, D.J.",WR,Chicago,16.0,11.0,21.0,15,16,15,16,0.92,10.0,,,,,
22,"Pittman, Michael",WR,Indianapolis,14.0,11.0,17.0,13,16,15,15,0.88,9.0,,,,,
28,"Aiyuk, Brandon",WR,San Francisco,15.0,11.0,19.0,12,15,16,15,0.9,9.0,,,,,
33,"Metcalf, D.K.",WR,Seattle,13.0,10.0,17.0,16,16,16,15,0.9,9.0,,,,,
35,"Chase, Ja'Marr",WR,Cincinnati,16.0,10.0,21.0,0,16,11,15,0.8,8.0,,,,,
37,"Olave, Chris",WR,New Orleans,13.0,10.0,16.0,0,0,14,15,0.86,8.0,,,,,
40,"Thielen, Adam",WR,Carolina,12.0,9.0,16.0,15,13,16,16,0.94,8.0,,,,,
42,"Godwin, Chris",WR,Tampa Bay,12.0,9.0,15.0,12,14,14,16,0.9,8.0,,,,,
43,"Wilson, Garrett",WR,NY Jets,12.0,9.0,15.0,0,0,16,15,0.9,8.0,,,,,
47,"McLaurin, Terry",WR,Washington,12.0,9.0,15.0,15,15,16,15,0.9,8.0,,,,,
49,"Cooper, Amari",WR,Cleveland,15.0,9.0,20.0,16,14,16,15,0.9,8.0,,,,,
51,"Waddle, Jaylen",WR,Miami,13.0,9.0,18.0,0,15,16,14,0.86,7.0,,,,,
54,"Pickens, George",WR,Pittsburgh,12.0,8.0,16.0,0,0,15,16,0.92,7.0,,,,,
63,"Lockett, Tyler",WR,Seattle,12.0,8.0,15.0,16,15,15,16,0.92,7.0,,,,,
36,"Jefferson, Justin",WR,Minnesota,16.0,10.0,22.0,16,16,16,9,0.67,6.0,,,,,
38,"Allen, Keenan",WR,Chicago,15.0,9.0,21.0,14,15,9,13,0.69,6.0,,,,,
57,"Meyers, Jakobi",WR,Las Vegas,11.0,8.0,14.0,12,15,13,15,0.84,6.0,,,,,
58,"Samuel, Deebo",WR,San Francisco,13.0,8.0,17.0,6,15,12,13,0.75,6.0,,,,,
69,"Hopkins, DeAndre",WR,Tennessee,12.0,7.0,16.0,16,10,9,16,0.8,5.0,,,,,
70,"Collins, Nico",WR,Houston,12.0,7.0,16.0,0,12,10,14,0.75,5.0,,,,,
74,"Kirk, Christian",WR,Jacksonville,10.0,7.0,14.0,14,16,16,12,0.78,5.0,,,,,
77,"Sutton, Courtland",WR,Denver,10.0,7.0,13.0,1,16,13,14,0.8,5.0,,,,,
82,"London, Drake",WR,Atlanta,10.0,6.0,13.0,0,0,16,14,0.86,5.0,,,,,
86,"Jeudy, Jerry",WR,Cleveland,8.0,6.0,11.0,15,8,13,15,0.84,5.0,,,,,
91,"Boyd, Tyler",WR,Tennessee,9.0,6.0,11.0,14,16,14,16,0.9,5.0,,,,,
97,"Doubs, Romeo",WR,Green Bay,8.0,6.0,11.0,0,0,11,16,0.84,5.0,,,,,
98,"Samuel, Curtis",WR,Buffalo,9.0,6.0,12.0,15,2,16,15,0.9,5.0,,,,,
73,"Nacua, Puka",WR,LA Rams,13.0,7.0,18.0,0,0,0,16,0.63,4.0,,,,,
79,"Higgins, Tee",WR,Cincinnati,10.0,6.0,14.0,14,14,13,11,0.69,4.0,,,,,
90,"Davis, Gabriel",WR,Jacksonville,10.0,6.0,14.0,14,12,14,12,0.75,4.0,,,,,
95,"Johnson, Diontae",WR,Carolina,8.0,6.0,11.0,13,15,16,12,0.78,4.0,,,,,
107,"Cooks, Brandin",WR,Dallas,9.0,5.0,12.0,14,15,12,15,0.82,4.0,,,,,
131,"Slayton, Darius",WR,NY Giants,8.0,5.0,10.0,15,9,13,15,0.84,4.0,,,,,
137,"Moore, Elijah",WR,Cleveland,6.0,5.0,8.0,0,9,12,16,0.86,4.0,,,,,
96,"Kupp, Cooper",WR,LA Rams,11.0,6.0,16.0,15,16,9,12,0.65,3.0,,,,,
106,"Rice, Rashee",WR,Kansas City,8.0,5.0,12.0,0,0,0,16,0.63,3.0,,,,,
126,"Flowers, Zay",WR,Baltimore,8.0,5.0,11.0,0,0,0,16,0.63,3.0,,,,,
130,"Brown, Marquise",WR,Kansas City,8.0,5.0,11.0,15,15,11,12,0.69,3.0,,,,,
143,"Osborn, K.J.",WR,New England,7.0,4.0,10.0,0,15,14,14,0.82,3.0,,,,,
150,"Reynolds, Josh",WR,Denver,6.0,4.0,9.0,16,8,11,14,0.76,3.0,,,,,
163,"Pierce, Alec",WR,Indianapolis,6.0,4.0,8.0,0,0,11,15,0.8,3.0,,,,,
172,"Woods, Robert",WR,Houston,5.0,4.0,7.0,16,9,15,12,0.76,3.0,,,,,
147,"Ridley, Calvin",WR,Tennessee,8.0,4.0,12.0,14,5,0,16,0.63,2.0,,,,,
149,"Shaheed, Rashid",WR,New Orleans,7.0,4.0,10.0,0,0,10,13,0.71,2.0,,,,,
158,"Dotson, Jahan",WR,Washington,7.0,4.0,10.0,0,0,10,13,0.71,2.0,,,,,
164,"Palmer, Josh",WR,LA Chargers,7.0,4.0,10.0,0,13,14,9,0.63,2.0,,,,,
167,"Reed, Jayden",WR,Green Bay,7.0,4.0,11.0,0,0,0,15,0.59,2.0,,,,,
174,"Addison, Jordan",WR,Minnesota,8.0,4.0,12.0,0,0,0,15,0.59,2.0,,,,,
176,"Agholor, Nelson",WR,Baltimore,5.0,3.0,7.0,15,12,10,12,0.67,2.0,,,,,
181,"Smith-Schuster, JuJu",WR,New England,6.0,3.0,9.0,16,4,15,11,0.73,2.0,,,,,
188,"Chark, D.J.",WR,LA Chargers,6.0,3.0,9.0,13,3,8,13,0.67,2.0,,,,,
192,"Lazard, Allen",WR,NY Jets,5.0,3.0,7.0,10,13,14,10,0.67,2.0,,,,,
195,"Watson, Justin",WR,Kansas City,4.0,3.0,6.0,3,0,9,13,0.69,2.0,,,,,
196,"Mooney, Darnell",WR,Atlanta,5.0,3.0,7.0,16,16,10,12,0.67,2.0,,,,,
204,"Robinson, Wan'Dale",WR,NY Giants,5.0,3.0,8.0,0,0,6,14,0.67,2.0,,,,,
207,"Moore, Rondale",WR,Atlanta,5.0,3.0,7.0,0,14,7,15,0.73,2.0,,,,,
208,"Moore, Chris",WR,Arizona,4.0,3.0,6.0,0,6,13,13,0.76,2.0,,,,,
209,"Raymond, Kalif",WR,Detroit,5.0,3.0,6.0,4,12,14,15,0.86,2.0,,,,,
189,"Robinson, Demarcus",WR,LA Rams,5.0,3.0,8.0,14,12,14,8,0.59,1.0,,,,,
193,"Atwell, Chatarius",WR,LA Rams,5.0,3.0,7.0,0,0,8,12,0.63,1.0,,,,,
202,"Brown, Noah",WR,Houston,7.0,3.0,11.0,7,7,14,8,0.59,1.0,,,,,
203,"Downs, Josh",WR,Indianapolis,6.0,3.0,8.0,0,0,0,16,0.63,1.0,,,,,
205,"Watson, Christian",WR,Green Bay,7.0,3.0,10.0,0,0,12,9,0.59,1.0,,,,,
206,"Smith-Njigba, Jaxon",WR,Seattle,5.0,3.0,8.0,0,0,0,16,0.63,1.0,,,,,
211,"Jones, Zay",WR,Arizona,6.0,3.0,10.0,10,14,15,7,0.57,1.0,,,,,
215,"Dell, Nathaniel",WR,Houston,7.0,3.0,11.0,0,0,0,10,0.39,1.0,,,,,
219,"Campbell, Parris",WR,Philadelphia,4.0,2.0,6.0,1,5,15,7,0.57,1.0,,,,,
222,"Hollins, Mack",WR,Buffalo,5.0,2.0,7.0,8,7,15,8,0.61,1.0,,,,,
226,"Hodgins, Isaiah",WR,NY Giants,4.0,2.0,6.0,0,0,9,9,0.53,1.0,,,,,
227,"Peoples-Jones, Donovan",WR,Detroit,4.0,2.0,6.0,6,11,15,8,0.61,1.0,,,,,
231,"Westbrook, Nick",WR,Tennessee,5.0,2.0,7.0,4,13,11,13,0.73,1.0,,,,,
234,"Jennings, Jauan",WR,San Francisco,3.0,2.0,5.0,0,10,14,9,0.63,1.0,,,,,
236,"Bourne, Kendrick",WR,New England,5.0,2.0,8.0,14,15,12,8,0.55,1.0,,,,,
239,"Wilson, Cedrick",WR,New Orleans,3.0,2.0,4.0,7,13,7,10,0.53,1.0,,,,,
241,"Bateman, Rashod",WR,Baltimore,4.0,2.0,5.0,0,10,5,15,0.69,1.0,,,,,
248,"Johnston, Quentin",WR,LA Chargers,3.0,2.0,5.0,0,0,0,15,0.59,1.0,,,,,
249,"Mingo, Jonathan",WR,Carolina,3.0,2.0,5.0,0,0,0,15,0.59,1.0,,,,,
256,"Powell, Brandon",WR,Minnesota,3.0,2.0,4.0,7,0,11,10,0.61,1.0,,,,,
260,"Shakir, Khalil",WR,Buffalo,4.0,2.0,7.0,0,0,6,13,0.63,1.0,,,,,
262,"Berrios, Braxton",WR,Miami,3.0,2.0,4.0,12,14,12,11,0.67,1.0,,,,,
269,"Palmer, Trey",WR,Tampa Bay,3.0,2.0,5.0,0,0,0,16,0.63,1.0,,,,,
271,"Douglas, Demario",WR,New England,4.0,2.0,6.0,0,0,0,13,0.51,1.0,,,,,
272,"Robinson, Allen",WR,NY Giants,4.0,2.0,5.0,16,11,10,13,0.71,1.0,,,,,
273,"Valdes-Scantling, Marquez",WR,Buffalo,4.0,2.0,6.0,11,9,14,12,0.75,1.0,,,,,
224,"Williams, Jameson",WR,Detroit,3.0,2.0,5.0,0,0,2,10,0.43,0.0,,,,,
243,"Dortch, Greg",WR,Arizona,4.0,2.0,7.0,0,1,10,7,0.47,0.0,,,,,
246,"Williams, Mike",WR,NY Jets,6.0,2.0,9.0,14,15,12,3,0.35,0.0,,,,,
258,"Wicks, Dontayvion",WR,Green Bay,4.0,2.0,5.0,0,0,0,12,0.47,0.0,,,,,
276,"Duvernay, Devin",WR,Jacksonville,2.0,1.0,4.0,13,15,13,3,0.37,0.0,,,,,
280,"Hyatt, Jalin",WR,NY Giants,2.0,1.0,4.0,0,0,0,9,0.35,0.0,,,,,
283,"Miller, Scott",WR,Pittsburgh,2.0,1.0,3.0,13,2,8,7,0.43,0.0,,,,,
287,"Claypool, Chase",WR,Buffalo,3.0,1.0,4.0,15,14,12,4,0.39,0.0,,,,,
288,"Irwin, Trenton",WR,Cincinnati,3.0,1.0,5.0,1,1,8,9,0.51,0.0,,,,,
297,"Jefferson, Van",WR,Pittsburgh,3.0,1.0,4.0,9,16,8,10,0.55,0.0,,,,,
299,"Carter, DeAndre",WR,Chicago,2.0,1.0,4.0,1,11,15,4,0.45,0.0,,,,,
303,"Johnson, Brandon",WR,Denver,3.0,1.0,4.0,0,0,3,7,0.33,0.0,,,,,
305,"Watkins, Quez",WR,Pittsburgh,2.0,1.0,3.0,4,15,10,3,0.31,0.0,,,,,
306,"Wilson, Michael",WR,Arizona,4.0,1.0,6.0,0,0,0,10,0.39,0.0,,,,,
309,"Marshall, Terrace",WR,Carolina,3.0,1.0,4.0,0,9,11,5,0.41,0.0,,,,,
315,"Thornton, Tyquan",WR,New England,2.0,1.0,3.0,0,0,11,9,0.57,0.0,,,,,
316,"McKenzie, Isaiah",WR,NY Giants,3.0,1.0,4.0,14,8,12,6,0.47,0.0,,,,,
322,"Bell, David",WR,Cleveland,2.0,1.0,3.0,0,0,12,6,0.47,0.0,,,,,
323,"Shenault, Laviska",WR,Seattle,2.0,1.0,3.0,13,15,9,7,0.45,0.0,,,,,
324,"Burks, Treylon",WR,Tennessee,3.0,1.0,5.0,0,0,10,8,0.51,0.0,,,,,
327,"Turpin, KaVontae",WR,Dallas,2.0,1.0,3.0,0,0,2,11,0.47,0.0,,,,,
329,"Hodge, Khadarel",WR,Atlanta,2.0,1.0,3.0,5,8,7,9,0.49,0.0,,,,,
332,"Zaccheaus, Olamide",WR,Washington,3.0,1.0,4.0,7,14,14,7,0.55,0.0,,,,,
334,"Skowronek, Ben",WR,Houston,2.0,1.0,4.0,0,5,13,4,0.41,0.0,,,,,
352,"Sherfield, Trent",WR,Minnesota,2.0,1.0,3.0,2,6,15,6,0.53,0.0,,,,,
353,"Toney, Kadarius",WR,Kansas City,3.0,1.0,4.0,0,8,7,9,0.49,0.0,,,,,
355,"Moore, Skyy",WR,Kansas City,3.0,1.0,4.0,0,0,12,11,0.67,0.0,,,,,
359,"Turner, Malik",WR,San Francisco,0.0,0.0,0.0,0,6,0,0,0.0,0.0,,,,,
361,"Ross, John",WR,Philadelphia,0.0,0.0,0.0,1,7,0,0,0.0,0.0,,,,,
364,"Johnson, Tyler",WR,LA Rams,0.0,0.0,0.0,7,12,0,0,0.0,0.0,,,,,
368,"Smith-Marsette, Ihmir",WR,Carolina,1.0,-0.0,2.0,0,2,0,5,0.2,-0.0,,,,,
370,"Darden, Jaelon",WR,Cleveland,0.0,-0.0,0.0,0,5,2,0,0.04,-0.0,,,,,
371,"Winfree, Juwann",WR,Indianapolis,0.0,-0.0,0.0,0,2,1,0,0.02,-0.0,,,,,
407,"Schwartz, Anthony",WR,Miami,0.0,-0.0,1.0,0,5,3,0,0.06,-0.0,,,,,
432,"Cleveland, Tyrie",WR,Indianapolis,0.0,-0.0,0.0,3,0,1,0,0.02,-0.0,,,,,
438,"Harris, Jacob",WR,Philadelphia,0.0,-0.0,0.0,0,0,1,0,0.02,-0.0,,,,,
452,"Jones, Tim",WR,Jacksonville,1.0,0.0,1.0,0,0,3,4,0.22,0.0,,,,,
458,"Tolbert, Jalen",WR,Dallas,2.0,0.0,3.0,0,0,2,9,0.39,0.0,,,,,
462,"Humphrey, Lil'Jordan",WR,Denver,2.0,0.0,3.0,2,6,2,9,0.39,0.0,,,,,
466,"White, Cody",WR,Seattle,0.0,-0.0,0.0,0,2,1,0,0.02,-0.0,,,,,
467,"Taylor, Malik",WR,NY Jets,0.0,-0.0,0.0,4,1,0,2,0.08,-0.0,,,,,
482,"Johnson, Collin",WR,Chicago,0.0,-0.0,0.0,9,5,0,1,0.04,-0.0,,,,,
493,"Wallace, Tylan",WR,Baltimore,0.0,-0.0,0.0,0,2,3,0,0.06,-0.0,,,,,
494,"Brooks, Jalen",WR,Dallas,0.0,-0.0,1.0,0,0,0,2,0.08,-0.0,,,,,
495,"Boutte, Kayshon",WR,New England,0.0,-0.0,0.0,0,0,0,2,0.08,-0.0,,,,,
499,"Thompson, Cody",WR,Tampa Bay,0.0,-0.0,0.0,0,0,0,1,0.04,-0.0,,,,,
500,"Lassiter, Kwamie",WR,Cincinnati,0.0,-0.0,0.0,0,0,0,1,0.04,-0.0,,,,,
503,"Davis, Davion",WR,Washington,0.0,0.0,0.0,0,1,0,0,0.0,0.0,,,,,
507,"Morgan, Stanley",WR,New Orleans,0.0,0.0,0.0,0,1,0,0,0.0,0.0,,,,,
514,"Fitzpatrick, Dez",WR,Pittsburgh,0.0,0.0,0.0,0,3,0,0,0.0,0.0,,,,,
516,"Darby, Frank",WR,San Francisco,0.0,0.0,0.0,0,1,0,0,0.0,0.0,,,,,
528,"Winston, Easop",WR,Seattle,0.0,0.0,0.0,0,1,0,0,0.0,0.0,,,,,
553,"Burnett, Deontay",WR,Dallas,0.0,0.0,0.0,1,0,0,0,0.0,0.0,,,,,
559,"Wilkerson, Kristian",WR,Las Vegas,0.0,0.0,0.0,0,1,0,0,0.0,0.0,,,,,
561,"Williams, Seth",WR,Jacksonville,0.0,0.0,0.0,0,1,0,0,0.0,0.0,,,,,
564,"Houston, Dennis",WR,NY Giants,0.0,-0.0,0.0,0,0,1,0,0.02,-0.0,,,,,
567,"Fountain, Daurice",WR,Detroit,0.0,0.0,0.0,1,0,0,0,0.0,0.0,,,,,
572,"Doss, Keelan",WR,Las Vegas,0.0,-0.0,1.0,0,0,0,1,0.04,-0.0,,,,,
575,"Jackson, Trishton",WR,Minnesota,0.0,-0.0,0.0,0,0,0,2,0.08,-0.0,,,,,
576,"Hutchinson, Xavier",WR,Houston,1.0,0.0,1.0,0,0,0,8,0.31,0.0,,,,,
577,"Metchie, John",WR,Houston,1.0,0.0,1.0,0,0,0,12,0.47,0.0,,,,,
580,"Tillman, Cedric",WR,Cleveland,1.0,0.0,2.0,0,0,0,9,0.35,0.0,,,,,
594,"Tucker, Tre",WR,Las Vegas,2.0,0.0,4.0,0,0,0,8,0.31,0.0,,,,,
597,"Bobo, Jake",WR,Seattle,2.0,0.0,3.0,0,0,0,12,0.47,0.0,,,,,
598,"Fehoko, Simi",WR,LA Chargers,0.0,-0.0,1.0,0,0,2,1,0.08,-0.0,,,,,
599,"Iosivas, Andrei",WR,Cincinnati,1.0,0.0,2.0,0,0,0,7,0.27,0.0,,,,,
600,"Austin, Calvin",WR,Pittsburgh,2.0,0.0,3.0,0,0,0,11,0.43,0.0,,,,,
601,"Philips, Kyle",WR,Tennessee,1.0,0.0,2.0,0,0,2,4,0.2,0.0,,,,,
604,"Scott, Tyler",WR,Chicago,1.0,0.0,2.0,0,0,0,10,0.39,0.0,,,,,
605,"Davis, Derius",WR,LA Chargers,1.0,0.0,1.0,0,0,0,9,0.35,0.0,,,,,
606,"Gipson, Xavier",WR,NY Jets,2.0,0.0,3.0,0,0,0,10,0.39,0.0,,,,,
608,"Jarrett, Rakim",WR,Tampa Bay,0.0,-0.0,1.0,0,0,0,4,0.16,-0.0,,,,,
611,"Mims, Marvin",WR,Denver,2.0,0.0,4.0,0,0,0,11,0.43,0.0,,,,,
622,"Ezukanma, Erik",WR,Miami,0.0,-0.0,0.0,0,0,0,1,0.04,-0.0,,,,,
623,"Green, Antoine",WR,Detroit,0.0,-0.0,0.0,0,0,0,1,0.04,-0.0,,,,,
627,"Perry, A.T.",WR,New Orleans,1.0,0.0,3.0,0,0,0,7,0.27,0.0,,,,,
634,"Strachan, Mike",WR,Carolina,0.0,-0.0,1.0,0,1,2,1,0.08,-0.0,,,,,
637,"Ross, Justyn",WR,Kansas City,0.0,-0.0,1.0,0,0,0,3,0.12,-0.0,,,,,
638,"Montgomery, D.J.",WR,Indianapolis,1.0,-0.0,1.0,0,1,0,2,0.08,-0.0,,,,,
639,"Kirkwood, Keith",WR,Baltimore,1.0,-0.0,1.0,1,1,2,4,0.2,-0.0,,,,,
641,"Bell, Ronnie",WR,San Francisco,1.0,-0.0,2.0,0,0,0,4,0.16,-0.0,,,,,
642,"Brownlee, Jason",WR,NY Jets,1.0,-0.0,1.0,0,0,0,3,0.12,-0.0,,,,,
644,"Cooks, Elijah",WR,Jacksonville,0.0,-0.0,1.0,0,0,0,1,0.04,-0.0,,,,,
650,"Washington, Parker",WR,Jacksonville,1.0,-0.0,3.0,0,0,0,5,0.2,-0.0,,,,,
651,"Covey, Britain",WR,Philadelphia,0.0,-0.0,0.0,0,0,0,1,0.04,-0.0,,,,,
652,"Dowell, Colton",WR,Tennessee,0.0,-0.0,0.0,0,0,0,1,0.04,-0.0,,,,,
654,"Heath, Malik",WR,Green Bay,1.0,0.0,2.0,0,0,0,7,0.27,0.0,,,,,
655,"Jones, Charlie",WR,Cincinnati,0.0,-0.0,0.0,0,0,0,2,0.08,-0.0,,,,,
656,"Kinsey, Mason",WR,Tennessee,0.0,-0.0,0.0,0,0,1,1,0.06,-0.0,,,,,
657,"Cracraft, River",WR,Miami,1.0,0.0,3.0,3,0,4,4,0.24,0.0,,,,,
662,"Eskridge, D'Wayne",WR,Seattle,0.0,-0.0,1.0,0,5,5,1,0.14,-0.0,,,,,
671,"Milne, Dax",WR,Washington,0.0,-0.0,1.0,0,6,6,0,0.12,-0.0,,,,,
673,"Sanders, Braylon",WR,Miami,0.0,-0.0,0.0,0,0,1,0,0.02,-0.0,,,,,
675,"Sills, David",WR,Denver,0.0,-0.0,1.0,0,2,7,0,0.14,-0.0,,,,,
676,"Washington, Montrell",WR,Kansas City,0.0,-0.0,0.0,0,0,3,0,0.06,-0.0,,,,,
680,"Alexander, Maurice",WR,Detroit,0.0,-0.0,0.0,0,0,1,0,0.02,-0.0,,,,,
681,"Woods, Michael",WR,Cleveland,0.0,-0.0,0.0,0,0,3,0,0.06,-0.0,,,,,
687,"Proche, James",WR,Cleveland,0.0,-0.0,1.0,1,5,4,0,0.08,-0.0,,,,,
688,"Sims, Cam",WR,Carolina,0.0,-0.0,1.0,11,8,7,0,0.14,-0.0,,,,,
689,"Smith, Jeff",WR,Arizona,0.0,-0.0,1.0,7,5,5,0,0.1,-0.0,,,,,
697,"Pettis, Dante",WR,Chicago,1.0,-0.0,2.0,2,2,10,0,0.2,-0.0,,,,,
703,"Jones, Velus",WR,Chicago,1.0,0.0,1.0,0,0,4,6,0.31,0.0,,,,,
717,"Johnson, Tyron",WR,Dallas,0.0,-0.0,0.0,10,2,1,0,0.02,-0.0,,,,,
718,"Reagor, Jalen",WR,New England,1.0,0.0,2.0,11,12,6,5,0.31,0.0,,,,,
740,"Patrick, Tim",WR,Denver,0.0,0.0,0.0,14,15,0,0,0.0,0.0,,,,,
749,"Sims, Steven",WR,Houston,1.0,0.0,1.0,11,0,8,2,0.24,0.0,,,,,
750,"Taylor, Trent",WR,San Francisco,0.0,-0.0,0.0,6,0,5,0,0.1,-0.0,,,,,
754,"Conley, Chris",WR,San Francisco,0.0,-0.0,0.0,14,10,2,0,0.04,-0.0,,,,,
762,"Dorsett, Phillip",WR,Denver,1.0,-0.0,2.0,0,4,10,0,0.2,-0.0,,,,,
763,"Gray, Danny",WR,San Francisco,0.0,-0.0,0.0,0,0,1,0,0.02,-0.0,,,,,
767,"Mims, Denzel",WR,Jacksonville,1.0,-0.0,1.0,8,6,7,0,0.14,-0.0,,,,,
791,"Hamler, KJ",WR,Buffalo,0.0,-0.0,1.0,10,3,5,0,0.1,-0.0,,,,,
794,"Trammell, Austin",WR,Jacksonville,0.0,-0.0,1.0,0,0,2,2,0.12,-0.0,,,,,
795,"Turner, D.J.",WR,Las Vegas,0.0,-0.0,0.0,0,0,1,0,0.02,-0.0,,,,,
797,"Virgil, Jalen",WR,Denver,0.0,-0.0,1.0,0,0,2,0,0.04,-0.0,,,,,
803,"Byrd, Damiere",WR,Washington,1.0,-0.0,2.0,14,9,7,0,0.14,-0.0,,,,,
806,"Toure, Samori",WR,Green Bay,1.0,0.0,2.0,0,0,4,6,0.31,0.0,,,,,
808,"Harry, N'Keal",WR,Minnesota,0.0,-0.0,1.0,11,8,5,0,0.1,-0.0,,,,,
824,"Pascal, Zach",WR,Arizona,1.0,-0.0,2.0,16,13,10,2,0.27,-0.0,,,,,
832,"Olszewski, Gunner",WR,NY Giants,0.0,-0.0,0.0,4,2,4,0,0.08,-0.0,,,,,
838,"Bandy, Michael",WR,Denver,0.0,-0.0,1.0,0,0,4,0,0.08,-0.0,,,,,
839,"Smith, Tre'Quan",WR,Detroit,1.0,-0.0,2.0,12,9,7,0,0.14,-0.0,,,,,
843,"Kennedy, Tom",WR,Detroit,0.0,-0.0,1.0,0,3,5,0,0.1,-0.0,,,,,
848,"Camp, Jalen",WR,Cleveland,0.0,-0.0,0.0,0,0,1,0,0.02,-0.0,,,,,
857,"Baldwin, Daylen",WR,Atlanta,0.0,-0.0,0.0,0,0,1,0,0.02,-0.0,,,,,
869,"Mack, Austin",WR,Atlanta,0.0,0.0,0.0,4,0,0,0,0.0,0.0,,,,,
878,"Dulin, Ashton",WR,Indianapolis,1.0,-0.0,2.0,3,11,7,0,0.14,-0.0,,,,,
883,"Treadwell, Laquon",WR,Indianapolis,0.0,-0.0,0.0,4,8,3,0,0.06,-0.0,,,,,
884,"Baccellia, Andre",WR,Arizona,0.0,-0.0,0.0,0,0,4,0,0.08,-0.0,,,,,
901,"Brown, Dyami",WR,Washington,2.0,0.0,4.0,0,6,5,7,0.37,0.0,,,,,
904,"Webster, Nsimba",WR,Chicago,0.0,-0.0,0.0,0,0,1,0,0.02,-0.0,,,,,
906,"Boykin, Miles",WR,NY Giants,0.0,0.0,0.0,12,1,2,3,0.16,0.0,,,,,
913,"McMath, Racey",WR,Dallas,0.0,-0.0,0.0,0,1,2,0,0.04,-0.0,,,,,
916,"Thompkins, Deven",WR,Carolina,1.0,-0.0,2.0,0,0,1,10,0.41,-0.0,,,,,
919,"Nailor, Jalen",WR,Minnesota,1.0,-0.0,2.0,0,0,3,2,0.14,-0.0,,,,,
924,"Isabella, Andy",WR,Buffalo,0.0,-0.0,0.0,10,1,2,0,0.04,-0.0,,,,,
927,"Crowder, Jamison",WR,Washington,1.0,-0.0,3.0,12,11,4,4,0.24,-0.0,,,,,
931,"Hardman, Mecole",WR,Kansas City,2.0,0.0,4.0,15,16,8,5,0.35,0.0,,,,,
940,"Cephus, Quintez",WR,Houston,0.0,-0.0,0.0,11,5,1,0,0.02,-0.0,,,,,
958,"Harty, Deonte",WR,Baltimore,1.0,0.0,2.0,9,12,2,8,0.35,0.0,,,,,
966,"Guyton, Jalen",WR,Las Vegas,1.0,-0.0,2.0,15,13,1,6,0.25,-0.0,,,,,
979,"Shepard, Sterling",WR,Tampa Bay,1.0,-0.0,2.0,12,7,3,6,0.29,-0.0,,,,,
982,"Swain, Freddie",WR,Chicago,0.0,-0.0,0.0,8,11,2,0,0.04,-0.0,,,,,
998,"Moore, David",WR,Carolina,1.0,-0.0,2.0,15,0,0,3,0.12,-0.0,,,,,
1007,"Melton, Bo",WR,Green Bay,1.0,-1.0,4.0,0,0,0,3,0.12,-1.0,,,,,
23,"Kelce, Travis",TE,Kansas City,15.0,11.0,19.0,15,15,16,15,0.9,9.0,,,,,
44,"Hockenson, T.J.",TE,Minnesota,13.0,9.0,17.0,16,11,16,15,0.9,8.0,,,,,
55,"Kittle, George",TE,San Francisco,12.0,8.0,15.0,8,13,14,16,0.9,7.0,,,,,
61,"Engram, Evan",TE,Jacksonville,11.0,8.0,15.0,16,14,16,16,0.94,7.0,,,,,
75,"Njoku, David",TE,Cleveland,10.0,7.0,13.0,10,13,13,16,0.88,6.0,,,,,
80,"Andrews, Mark",TE,Baltimore,9.0,6.0,13.0,14,16,14,10,0.67,4.0,,,,,
92,"Kmet, Cole",TE,Chicago,9.0,6.0,12.0,11,16,14,14,0.82,4.0,,,,,
102,"Ferguson, Jake",TE,Dallas,7.0,5.0,9.0,0,0,10,16,0.82,4.0,,,,,
104,"Conklin, Tyler",TE,NY Jets,7.0,5.0,9.0,7,16,15,15,0.88,4.0,,,,,
99,"LaPorta, Sam",TE,Detroit,9.0,5.0,12.0,0,0,0,16,0.63,3.0,,,,,
105,"Everett, Gerald",TE,Chicago,6.0,5.0,8.0,15,12,14,13,0.78,3.0,,,,,
109,"McBride, Trey",TE,Arizona,8.0,5.0,11.0,0,0,8,16,0.78,3.0,,,,,
111,"Goedert, Dallas",TE,Philadelphia,8.0,5.0,11.0,11,15,11,12,0.69,3.0,,,,,
134,"Schultz, Dalton",TE,Houston,8.0,5.0,11.0,16,16,12,14,0.78,3.0,,,,,
146,"Higbee, Tyler",TE,LA Rams,7.0,4.0,9.0,15,14,14,14,0.82,3.0,,,,,
156,"Henry, Hunter",TE,New England,6.0,4.0,9.0,14,15,14,12,0.75,3.0,,,,,
165,"Okonkwo, Chigoziem",TE,Tennessee,5.0,4.0,7.0,0,0,12,15,0.82,3.0,,,,,
168,"Pitts, Kyle",TE,Atlanta,6.0,4.0,8.0,0,16,10,16,0.82,3.0,,,,,
170,"Otton, Cade",TE,Tampa Bay,6.0,4.0,8.0,0,0,13,15,0.84,3.0,,,,,
171,"Thomas, Logan",TE,San Francisco,6.0,4.0,8.0,16,5,11,15,0.8,3.0,,,,,
175,"Johnson, Juwan",TE,New Orleans,6.0,3.0,8.0,4,8,13,11,0.69,2.0,,,,,
187,"Smith, Jonnu",TE,Miami,5.0,3.0,8.0,14,14,10,13,0.71,2.0,,,,,
191,"Fant, Noah",TE,Seattle,5.0,3.0,6.0,14,15,15,13,0.8,2.0,,,,,
198,"Gray, Noah",TE,Kansas City,4.0,3.0,5.0,0,6,16,14,0.86,2.0,,,,,
213,"Freiermuth, Pat",TE,Pittsburgh,6.0,3.0,8.0,0,15,14,10,0.67,2.0,,,,,
186,"Kincaid, Dalton",TE,Buffalo,5.0,3.0,7.0,0,0,0,14,0.55,1.0,,,,,
218,"Hooper, Austin",TE,New England,3.0,2.0,4.0,13,14,16,13,0.82,1.0,,,,,
221,"Tremble, Tommy",TE,Carolina,3.0,2.0,4.0,0,12,10,12,0.67,1.0,,,,,
229,"Knox, Dawson",TE,Buffalo,4.0,2.0,6.0,11,13,13,9,0.61,1.0,,,,,
233,"Gesicki, Mike",TE,Cincinnati,4.0,2.0,6.0,14,14,13,12,0.73,1.0,,,,,
235,"Likely, Isaiah",TE,Baltimore,5.0,2.0,7.0,0,0,12,11,0.67,1.0,,,,,
242,"Moreau, Foster",TE,New Orleans,3.0,2.0,4.0,6,11,12,10,0.63,1.0,,,,,
245,"Parkinson, Colby",TE,LA Rams,3.0,2.0,4.0,1,3,12,12,0.71,1.0,,,,,
253,"Bellinger, Daniel",TE,NY Giants,3.0,2.0,4.0,0,0,11,12,0.69,1.0,,,,,
257,"Hurst, Hayden",TE,LA Chargers,3.0,2.0,5.0,15,10,12,8,0.55,1.0,,,,,
261,"Granson, Kylen",TE,Indianapolis,4.0,2.0,5.0,0,9,12,12,0.71,1.0,,,,,
263,"Smythe, Durham",TE,Miami,3.0,2.0,4.0,12,12,8,11,0.59,1.0,,,,,
268,"Hudson, Tanner",TE,Cincinnati,3.0,2.0,5.0,3,0,5,11,0.53,1.0,,,,,
230,"Ertz, Zach",TE,Washington,4.0,2.0,6.0,11,16,10,7,0.47,0.0,,,,,
274,"Smith, Irv",TE,Kansas City,2.0,1.0,3.0,11,0,6,8,0.43,0.0,,,,,
275,"Wright, Brock",TE,Detroit,2.0,1.0,3.0,0,5,10,8,0.51,0.0,,,,,
278,"Parham, Donald",TE,LA Chargers,3.0,1.0,5.0,6,10,4,10,0.47,0.0,,,,,
279,"Jordan, Brevin",TE,Houston,2.0,1.0,3.0,0,8,8,9,0.51,0.0,,,,,
285,"Tonyan, Robert",TE,Minnesota,3.0,1.0,4.0,15,8,16,7,0.59,0.0,,,,,
293,"Mundt, John",TE,Minnesota,2.0,1.0,3.0,2,1,12,8,0.55,0.0,,,,,
301,"Bryant, Harrison",TE,Las Vegas,2.0,1.0,4.0,10,11,12,7,0.51,0.0,,,,,
304,"Akins, Jordan",TE,Cleveland,2.0,1.0,4.0,12,8,13,11,0.69,0.0,,,,,
310,"Heyward, Connor",TE,Pittsburgh,2.0,1.0,3.0,0,0,7,8,0.45,0.0,,,,,
317,"Sample, Drew",TE,Cincinnati,2.0,1.0,3.0,14,6,1,10,0.41,0.0,,,,,
321,"Dissly, Will",TE,LA Chargers,2.0,1.0,4.0,14,12,15,9,0.65,0.0,,,,,
325,"Pruitt, MyCole",TE,Pittsburgh,2.0,1.0,3.0,4,10,8,7,0.43,0.0,,,,,
326,"Mayer, Michael",TE,Las Vegas,3.0,1.0,4.0,0,0,0,12,0.47,0.0,,,,,
330,"Alie-Cox, Mo",TE,Indianapolis,2.0,1.0,4.0,13,12,9,8,0.49,0.0,,,,,
331,"Oliver, Josh",TE,Minnesota,2.0,1.0,4.0,0,6,8,9,0.51,0.0,,,,,
345,"Musgrave, Luke",TE,Green Bay,3.0,1.0,4.0,0,0,0,10,0.39,0.0,,,,,
346,"Bates, John",TE,Washington,2.0,1.0,3.0,0,10,6,9,0.47,0.0,,,,,
347,"Uzomah, C.J.",TE,Philadelphia,2.0,1.0,3.0,2,15,12,6,0.47,0.0,,,,,
349,"Trautman, Adam",TE,Denver,3.0,1.0,4.0,9,9,10,11,0.63,0.0,,,,,
354,"Kraft, Tucker",TE,Green Bay,3.0,1.0,4.0,0,0,0,9,0.35,0.0,,,,,
358,"McKeon, Sean",TE,Detroit,0.0,-0.0,0.0,0,3,2,0,0.04,-0.0,,,,,
384,"Sweeney, Tommy",TE,Chicago,0.0,-0.0,0.0,0,5,1,0,0.02,-0.0,,,,,
410,"Cager, Lawrence",TE,NY Giants,1.0,-0.0,2.0,1,0,3,3,0.18,-0.0,,,,,
411,"Fortson, Joe",TE,Miami,1.0,-0.0,1.0,0,4,6,0,0.12,-0.0,,,,,
431,"Woerner, Charlie",TE,Atlanta,0.0,-0.0,0.0,2,4,0,2,0.08,-0.0,,,,,
441,"Keene, Dalton",TE,Houston,0.0,0.0,0.0,3,0,0,0,0.0,0.0,,,,,
464,"Carlson, Stephen",TE,Chicago,0.0,0.0,0.0,2,0,0,0,0.0,0.0,,,,,
488,"Whyle, Josh",TE,Tennessee,1.0,0.0,2.0,0,0,0,7,0.27,0.0,,,,,
489,"Horsted, Jesper",TE,New Orleans,0.0,-0.0,0.0,0,2,1,1,0.06,-0.0,,,,,
512,"Sims, Ben",TE,Green Bay,0.0,-0.0,1.0,0,0,0,4,0.16,-0.0,,,,,
518,"Davis, Tyler",TE,Green Bay,0.0,-0.0,0.0,0,3,2,0,0.04,-0.0,,,,,
522,"Allen, Davis",TE,LA Rams,1.0,-0.0,2.0,0,0,0,3,0.12,-0.0,,,,,
526,"Hudson, Tommy",TE,New Orleans,0.0,0.0,0.0,0,3,0,0,0.0,0.0,,,,,
530,"Yeboah, Kenny",TE,NY Jets,0.0,-0.0,0.0,0,1,0,1,0.04,-0.0,,,,,
573,"Ogletree, Andrew",TE,Indianapolis,1.0,0.0,3.0,0,0,0,6,0.24,0.0,,,,,
579,"Ruckert, Jeremy",TE,NY Jets,1.0,0.0,2.0,0,0,0,9,0.35,0.0,,,,,
581,"Washington, Darnell",TE,Pittsburgh,0.0,0.0,1.0,0,0,0,7,0.27,0.0,,,,,
589,"Long, Hunter",TE,LA Rams,0.0,0.0,0.0,0,1,0,0,0.0,0.0,,,,,
603,"Schoonmaker, Luke",TE,Dallas,1.0,0.0,2.0,0,0,0,7,0.27,0.0,,,,,
607,"Hill, Julian",TE,Miami,0.0,-0.0,1.0,0,0,0,3,0.12,-0.0,,,,,
610,"Mallory, Will",TE,Indianapolis,1.0,0.0,2.0,0,0,0,8,0.31,0.0,,,,,
619,"Turner, Cole",TE,Washington,1.0,0.0,1.0,0,0,1,7,0.29,0.0,,,,,
625,"Wells, David",TE,Tampa Bay,0.0,-0.0,0.0,0,0,0,1,0.04,-0.0,,,,,
626,"Adkins, Nate",TE,Denver,0.0,-0.0,0.0,0,0,0,3,0.12,-0.0,,,,,
628,"Strange, Brenton",TE,Jacksonville,1.0,-0.0,1.0,0,0,0,3,0.12,-0.0,,,,,
640,"Krull, Lucas",TE,Denver,1.0,-0.0,2.0,0,0,0,4,0.16,-0.0,,,,,
645,"Durham, Payne",TE,Tampa Bay,0.0,0.0,1.0,0,0,0,4,0.16,0.0,,,,,
648,"Higgins, Elijah",TE,Arizona,1.0,0.0,2.0,0,0,0,7,0.27,0.0,,,,,
649,"Kolar, Charlie",TE,Baltimore,1.0,-0.0,1.0,0,0,0,4,0.16,-0.0,,,,,
653,"Fotheringham, Cole",TE,Las Vegas,0.0,-0.0,0.0,0,0,0,1,0.04,-0.0,,,,,
663,"Gentry, Zach",TE,Las Vegas,0.0,-0.0,1.0,0,8,10,0,0.2,-0.0,,,,,
665,"Hesse, Parker",TE,Detroit,0.0,-0.0,0.0,0,3,8,0,0.16,-0.0,,,,,
670,"Deguara, Josiah",TE,Jacksonville,1.0,0.0,2.0,1,11,7,4,0.29,0.0,,,,,
682,"Hendershot, Peyton",TE,Dallas,1.0,0.0,2.0,0,0,6,3,0.24,0.0,,,,,
683,"Sullivan, Stephen",TE,Carolina,1.0,0.0,2.0,0,0,2,7,0.31,0.0,,,,,
694,"Mitchell, James",TE,Detroit,1.0,-0.0,1.0,0,0,7,1,0.18,-0.0,,,,,
699,"Rogers, Armani",TE,Washington,0.0,-0.0,1.0,0,0,4,0,0.08,-0.0,,,,,
748,"Stoll, Jack",TE,NY Giants,1.0,0.0,1.0,0,3,8,4,0.31,0.0,,,,,
752,"Calcaterra, Grant",TE,Philadelphia,0.0,-0.0,1.0,0,0,3,1,0.1,-0.0,,,,,
756,"Manhertz, Chris",TE,NY Giants,0.0,-0.0,1.0,6,6,4,2,0.16,-0.0,,,,,
765,"Kieft, Ko",TE,Tampa Bay,1.0,-0.0,1.0,0,0,7,1,0.18,-0.0,,,,,
766,"Thomas, Ian",TE,Carolina,1.0,0.0,2.0,11,11,13,4,0.41,0.0,,,,,
769,"Wilcox, Mitchell",TE,New England,1.0,0.0,2.0,0,0,9,7,0.45,0.0,,,,,
787,"Dulcich, Greg",TE,Denver,2.0,0.0,3.0,0,0,10,2,0.27,0.0,,,,,
789,"Tomlinson, Eric",TE,Indianapolis,0.0,-0.0,1.0,0,1,4,0,0.08,-0.0,,,,,
796,"Vannett, Nick",TE,Tennessee,0.0,-0.0,0.0,7,4,4,0,0.08,-0.0,,,,,
802,"Saubert, Eric",TE,San Francisco,1.0,-0.0,1.0,3,6,8,2,0.24,-0.0,,,,,
810,"Dwelley, Ross",TE,Atlanta,0.0,-0.0,1.0,10,3,3,1,0.1,-0.0,,,,,
811,"Smartt, Stone",TE,LA Chargers,1.0,0.0,2.0,0,0,3,6,0.29,0.0,,,,,
830,"McKitty, Tre'",TE,Buffalo,0.0,-0.0,1.0,0,4,6,0,0.12,-0.0,,,,,
837,"Quitoriano, Teagan",TE,Houston,1.0,-0.0,1.0,0,0,3,2,0.14,-0.0,,,,,
842,"Farrell, Luke",TE,Jacksonville,1.0,0.0,2.0,0,6,3,9,0.41,0.0,,,,,
851,"Ricci, Giovanni",TE,Cleveland,0.0,-0.0,1.0,0,0,6,1,0.16,-0.0,,,,,
854,"Woods, Jelani",TE,Indianapolis,1.0,-0.0,3.0,0,0,10,0,0.2,-0.0,,,,,
877,"Morris, Quintin",TE,Buffalo,1.0,-0.0,2.0,0,0,5,2,0.18,-0.0,,,,,
900,"Mabry, Tyler",TE,Seattle,0.0,-0.0,1.0,0,0,1,0,0.02,-0.0,,,,,
910,"Franks, Feleipe",TE,Carolina,0.0,0.0,0.0,0,0,0,0,0.0,0.0,,,,,
920,"Okwuegbunam, Albert",TE,Philadelphia,0.0,-0.0,1.0,4,12,4,0,0.08,-0.0,,,,,
951,"Brown, Pharaoh",TE,Seattle,2.0,0.0,3.0,7,10,6,7,0.39,0.0,,,,,
993,"Lewis, Marcedes",TE,Chicago,1.0,0.0,2.0,9,10,5,4,0.25,0.0,,,,,
1014,"Zylstra, Shane",TE,Detroit,1.0,-1.0,2.0,0,2,6,0,0.12,-1.0,,,,,
2,"McCaffrey, Christian",RB,San Francisco,23.0,19.0,28.0,3,7,16,16,0.94,17.0,,,,,
21,"Henry, Derrick",RB,Baltimore,15.0,11.0,20.0,16,8,15,16,0.92,10.0,,,,,
24,"Etienne, Travis",RB,Jacksonville,15.0,11.0,18.0,0,0,15,16,0.92,10.0,,,,,
34,"Barkley, Saquon",RB,Philadelphia,13.0,10.0,17.0,2,11,16,13,0.82,8.0,,,,,
45,"White, Rachaad",RB,Tampa Bay,12.0,9.0,15.0,0,0,14,16,0.9,8.0,,,,,
50,"Pollard, Tony",RB,Tennessee,13.0,9.0,16.0,15,15,15,16,0.92,8.0,,,,,
39,"Mixon, Joe",RB,Houston,13.0,9.0,17.0,6,16,13,16,0.88,7.0,,,,,
41,"Kamara, Alvin",RB,New Orleans,12.0,9.0,16.0,15,12,14,13,0.78,7.0,,,,,
46,"Ekeler, Austin",RB,Washington,14.0,9.0,18.0,10,15,16,13,0.82,7.0,,,,,
48,"Jacobs, Josh",RB,Green Bay,14.0,9.0,19.0,15,14,16,13,0.82,7.0,,,,,
52,"Mostert, Raheem",RB,Miami,13.0,9.0,18.0,8,1,15,15,0.88,7.0,,,,,
56,"Swift, D'Andre",RB,Chicago,11.0,8.0,15.0,13,12,13,16,0.88,7.0,,,,,
59,"Harris, Najee",RB,Pittsburgh,10.0,8.0,13.0,0,16,16,16,0.94,7.0,,,,,
60,"Walker, Kenneth",RB,Seattle,11.0,8.0,15.0,0,0,14,14,0.82,6.0,,,,,
62,"Montgomery, David",RB,Detroit,11.0,8.0,15.0,15,12,15,13,0.8,6.0,,,,,
65,"Elliott, Ezekiel",RB,Dallas,9.0,7.0,12.0,15,16,14,16,0.9,6.0,,,,,
67,"Cook, James",RB,Buffalo,11.0,7.0,14.0,0,0,12,16,0.86,6.0,,,,,
64,"Hall, Breece",RB,NY Jets,13.0,8.0,17.0,0,0,7,15,0.73,5.0,,,,,
66,"Stevenson, Rhamondre",RB,New England,10.0,7.0,14.0,0,10,16,12,0.78,5.0,,,,,
68,"Pacheco, Isiah",RB,Kansas City,11.0,7.0,14.0,0,0,13,14,0.8,5.0,,,,,
72,"Conner, James",RB,Arizona,11.0,7.0,14.0,13,14,13,12,0.73,5.0,,,,,
84,"Warren, Jaylen",RB,Pittsburgh,9.0,6.0,11.0,0,0,13,16,0.88,5.0,,,,,
85,"Singletary, Devin",RB,NY Giants,10.0,6.0,13.0,16,16,15,15,0.88,5.0,,,,,
89,"Robinson, Brian",RB,Washington,9.0,6.0,12.0,0,0,12,14,0.78,4.0,,,,,
94,"Jones, Aaron",RB,Minnesota,9.0,6.0,13.0,14,15,16,10,0.71,4.0,,,,,
101,"Allgeier, Tyler",RB,Atlanta,7.0,5.0,10.0,0,0,15,16,0.92,4.0,,,,,
108,"Gibson, Antonio",RB,New England,7.0,5.0,9.0,14,15,15,14,0.84,4.0,,,,,
112,"Dillon, AJ",RB,Green Bay,7.0,5.0,9.0,7,15,16,15,0.9,4.0,,,,,
132,"Hubbard, Chuba",RB,Carolina,8.0,5.0,10.0,0,13,10,16,0.82,4.0,,,,,
83,"Williams, Kyren",RB,LA Rams,12.0,6.0,17.0,0,0,5,12,0.57,3.0,,,,,
133,"Ford, Jerome",RB,Cleveland,8.0,5.0,11.0,0,0,0,16,0.63,3.0,,,,,
136,"Edwards, Gus",RB,LA Chargers,8.0,5.0,11.0,15,0,7,16,0.76,3.0,,,,,
139,"Perine, Samaje",RB,Denver,7.0,4.0,9.0,9,13,14,16,0.9,3.0,,,,,
161,"Mattison, Alexander",RB,Las Vegas,6.0,4.0,8.0,9,14,13,14,0.8,3.0,,,,,
166,"Sanders, Miles",RB,Carolina,7.0,4.0,10.0,12,12,16,14,0.86,3.0,,,,,
103,"Gibbs, Jahmyr",RB,Detroit,9.0,5.0,14.0,0,0,0,14,0.55,2.0,,,,,
138,"Robinson, Bijan",RB,Atlanta,9.0,5.0,12.0,0,0,0,14,0.55,2.0,,,,,
145,"Moss, Zack",RB,Cincinnati,7.0,4.0,11.0,13,11,7,12,0.61,2.0,,,,,
152,"Williams, Javonte",RB,Denver,6.0,4.0,9.0,0,16,4,15,0.67,2.0,,,,,
160,"Taylor, Jonathan",RB,Indianapolis,8.0,4.0,11.0,15,16,11,9,0.57,2.0,,,,,
177,"Gainwell, Kenny",RB,Philadelphia,5.0,3.0,6.0,0,13,14,15,0.86,2.0,,,,,
190,"Williams, Jamaal",RB,New Orleans,6.0,3.0,8.0,14,12,16,12,0.78,2.0,,,,,
197,"Pierce, Dameon",RB,Houston,6.0,3.0,8.0,0,0,13,11,0.69,2.0,,,,,
179,"Chubb, Nick",RB,Cleveland,7.0,3.0,10.0,12,13,16,2,0.39,1.0,,,,,
185,"Spears, Tyjae",RB,Tennessee,5.0,3.0,6.0,0,0,0,16,0.63,1.0,,,,,
210,"Herbert, Khalil",RB,Chicago,7.0,3.0,10.0,0,8,12,10,0.63,1.0,,,,,
217,"Akers, Cam",RB,Houston,4.0,2.0,7.0,11,0,12,7,0.51,1.0,,,,,
232,"Foreman, D'Onta",RB,Cleveland,6.0,2.0,10.0,4,8,10,8,0.51,1.0,,,,,
237,"McLaughlin, Jaleel",RB,Denver,4.0,2.0,6.0,0,0,0,14,0.55,1.0,,,,,
238,"Johnson, Roschon",RB,Chicago,4.0,2.0,5.0,0,0,0,13,0.51,1.0,,,,,
251,"Charbonnet, Zach",RB,Seattle,3.0,2.0,5.0,0,0,0,14,0.55,1.0,,,,,
252,"Hill, Justice",RB,Baltimore,4.0,2.0,6.0,5,0,10,14,0.75,1.0,,,,,
255,"Wilson, Jeffery",RB,Miami,4.0,2.0,7.0,10,6,13,8,0.57,1.0,,,,,
267,"Edwards-Helaire, Clyde",RB,Kansas City,4.0,2.0,6.0,13,10,8,10,0.55,1.0,,,,,
270,"Carter, Michael",RB,Arizona,4.0,2.0,6.0,0,13,15,10,0.69,1.0,,,,,
244,"Achane, De'Von",RB,Miami,8.0,2.0,14.0,0,0,0,10,0.39,0.0,,,,,
277,"Edmonds, Chase",RB,Tampa Bay,2.0,1.0,4.0,16,11,10,9,0.55,0.0,,,,,
281,"Ingold, Alec",RB,Miami,1.0,1.0,2.0,9,5,8,8,0.47,0.0,,,,,
286,"Freeman, Royce",RB,Dallas,2.0,1.0,3.0,10,9,3,6,0.29,0.0,,,,,
291,"Chandler, Ty",RB,Minnesota,3.0,1.0,6.0,0,0,0,12,0.47,0.0,,,,,
307,"Mason, Jordan",RB,San Francisco,2.0,1.0,3.0,0,0,6,7,0.39,0.0,,,,,
313,"Demercado, Emari",RB,Arizona,3.0,1.0,4.0,0,0,0,10,0.39,0.0,,,,,
314,"Abdullah, Ameer",RB,Las Vegas,2.0,1.0,3.0,6,11,10,13,0.71,0.0,,,,,
335,"Dowdle, Rico",RB,Dallas,3.0,1.0,4.0,2,0,0,13,0.51,0.0,,,,,
336,"Juszczyk, Kyle",RB,San Francisco,2.0,1.0,4.0,15,15,9,7,0.45,0.0,,,,,
350,"Patterson, Cordarrelle",RB,Pittsburgh,4.0,1.0,6.0,14,15,12,9,0.59,0.0,,,,,
373,"Patterson, Jaret",RB,LA Chargers,0.0,0.0,0.0,0,8,0,0,0.0,0.0,,,,,
375,"Jefferson, Jermar",RB,Detroit,0.0,0.0,0.0,0,3,0,0,0.0,0.0,,,,,
404,"Gilliam, Reggie",RB,Buffalo,0.0,-0.0,1.0,2,3,4,1,0.12,-0.0,,,,,
409,"Mitchell, Elijah",RB,San Francisco,2.0,0.0,3.0,0,10,4,7,0.35,0.0,,,,,
428,"Gaskin, Myles",RB,Minnesota,0.0,-0.0,0.0,10,15,2,0,0.04,-0.0,,,,,
456,"Horvath, Alexander",RB,New Orleans,0.0,-0.0,1.0,0,0,4,0,0.08,-0.0,,,,,
457,"Nwangwu, Kene",RB,Minnesota,0.0,-0.0,0.0,0,3,1,0,0.02,-0.0,,,,,
496,"Corbin, Jashaun",RB,NY Giants,0.0,-0.0,0.0,0,0,0,1,0.04,-0.0,,,,,
501,"Kelly, John",RB,Cleveland,0.0,0.0,0.0,0,1,0,0,0.0,0.0,,,,,
502,"Evans, Zach",RB,LA Rams,0.0,-0.0,0.0,0,0,0,1,0.04,-0.0,,,,,
511,"Gray, Eric",RB,NY Giants,0.0,-0.0,1.0,0,0,0,3,0.12,-0.0,,,,,
525,"Funk, Jake",RB,Detroit,0.0,-0.0,0.0,0,0,0,1,0.04,-0.0,,,,,
527,"Hull, Evan",RB,Indianapolis,0.0,-0.0,0.0,0,0,0,1,0.04,-0.0,,,,,
565,"Cohen, Tarik",RB,NY Jets,0.0,0.0,0.0,3,0,0,0,0.0,0.0,,,,,
584,"Rodriguez, Christopher",RB,Washington,1.0,-0.0,3.0,0,0,0,7,0.27,-0.0,,,,,
593,"Wilson, Emanuel",RB,Green Bay,0.0,-0.0,1.0,0,0,0,4,0.16,-0.0,,,,,
595,"Mitchell, Keaton",RB,Baltimore,3.0,0.0,5.0,0,0,0,7,0.27,0.0,,,,,
602,"Miller, Kendre",RB,New Orleans,1.0,-0.0,2.0,0,0,0,6,0.24,-0.0,,,,,
609,"Luepke, Hunter",RB,Dallas,0.0,-0.0,1.0,0,0,0,3,0.12,-0.0,,,,,
613,"Bigsby, Cartavious",RB,Jacksonville,1.0,-0.0,1.0,0,0,0,6,0.24,-0.0,,,,,
617,"Brooks, Christopher",RB,Miami,0.0,-0.0,1.0,0,0,0,3,0.12,-0.0,,,,,
620,"Vaughn, Deuce",RB,Dallas,0.0,-0.0,1.0,0,0,0,5,0.2,-0.0,,,,,
621,"Dotson, Elijah",RB,LA Chargers,0.0,-0.0,0.0,0,0,0,1,0.04,-0.0,,,,,
624,"Tucker, Sean",RB,Tampa Bay,0.0,-0.0,0.0,0,0,0,1,0.04,-0.0,,,,,
636,"Sermon, Trey",RB,Indianapolis,1.0,-0.0,1.0,0,3,1,4,0.18,-0.0,,,,,
643,"Abanikanda, Israel",RB,NY Jets,0.0,-0.0,1.0,0,0,0,4,0.16,-0.0,,,,,
646,"Goodson, Tyler",RB,Indianapolis,1.0,-0.0,1.0,0,0,0,3,0.12,-0.0,,,,,
647,"Brown, Chase",RB,Cincinnati,2.0,0.0,3.0,0,0,0,7,0.27,0.0,,,,,
660,"Johnson, Ty",RB,Buffalo,2.0,0.0,3.0,9,14,6,5,0.31,0.0,,,,,
664,"Hairston, Troy",RB,Houston,0.0,-0.0,0.0,0,0,4,0,0.08,-0.0,,,,,
672,"Reynolds, Craig",RB,Detroit,1.0,0.0,3.0,1,4,5,5,0.29,0.0,,,,,
678,"Williams, Avery",RB,Atlanta,0.0,-0.0,1.0,0,0,10,0,0.2,-0.0,,,,,
685,"Evans, Chris",RB,Cincinnati,0.0,-0.0,1.0,0,7,3,1,0.1,-0.0,,,,,
691,"Johnson, D'Ernest",RB,Jacksonville,1.0,0.0,2.0,5,10,2,8,0.35,0.0,,,,,
698,"Robinson, James",RB,New Orleans,2.0,-0.0,4.0,14,13,10,0,0.2,-0.0,,,,,
714,"Perine, Lamical",RB,Pittsburgh,0.0,0.0,0.0,9,1,0,0,0.0,0.0,,,,,
739,"Gore, Frank",RB,Buffalo,0.0,0.0,0.0,14,0,0,0,0.0,0.0,,,,,
745,"Rivers, Ronnie",RB,LA Rams,1.0,-0.0,1.0,0,0,2,5,0.24,-0.0,,,,,
746,"Davis, Malik",RB,Dallas,1.0,-0.0,1.0,0,0,5,0,0.1,-0.0,,,,,
751,"Boone, Mike",RB,Carolina,1.0,0.0,2.0,4,2,7,5,0.33,0.0,,,,,
755,"Homer, Travis",RB,Chicago,1.0,-0.0,2.0,8,9,6,0,0.12,-0.0,,,,,
764,"Hasty, JaMycal",RB,New England,1.0,-0.0,3.0,6,8,9,0,0.18,-0.0,,,,,
771,"Dobbins, J.K.",RB,LA Chargers,2.0,0.0,4.0,15,0,8,1,0.2,0.0,,,,,
773,"Strong, Pierre",RB,Cleveland,2.0,0.0,3.0,0,0,3,9,0.41,0.0,,,,,
774,"Knight, Zonovan",RB,Detroit,1.0,-0.0,2.0,0,0,6,2,0.2,-0.0,,,,,
777,"Blackshear, Raheem",RB,Carolina,1.0,0.0,2.0,0,0,5,6,0.33,0.0,,,,,
779,"Scott, Boston",RB,LA Rams,1.0,0.0,2.0,12,9,8,6,0.39,0.0,,,,,
781,"Harris, Kevin",RB,New England,1.0,-0.0,2.0,0,0,2,3,0.16,-0.0,,,,,
790,"Ahmed, Salvon",RB,Miami,2.0,0.0,3.0,6,10,3,7,0.33,0.0,,,,,
798,"White, Zamir",RB,Las Vegas,2.0,0.0,4.0,0,0,2,7,0.31,0.0,,,,,
799,"Williams, Trayveon",RB,Cincinnati,0.0,0.0,1.0,4,1,2,6,0.27,0.0,,,,,
812,"Ricard, Patrick",RB,Baltimore,1.0,0.0,2.0,6,5,7,4,0.29,0.0,,,,,
814,"Ham, C.J.",RB,Minnesota,1.0,0.0,1.0,6,11,6,5,0.31,0.0,,,,,
819,"Burton, Michael",RB,Denver,0.0,-0.0,0.0,4,2,2,4,0.2,-0.0,,,,,
820,"Chestnut, Julius",RB,Tennessee,0.0,-0.0,0.0,0,0,3,0,0.06,-0.0,,,,,
823,"Hines, Nyheim",RB,Cleveland,1.0,0.0,2.0,16,15,12,0,0.24,0.0,,,,,
826,"Ingram, Keaontay",RB,Kansas City,1.0,-0.0,1.0,0,0,2,3,0.16,-0.0,,,,,
829,"Jones, Tony",RB,Arizona,1.0,0.0,3.0,1,4,3,5,0.25,0.0,,,,,
831,"Ogunbowale, Dare",RB,Houston,1.0,0.0,2.0,5,7,10,3,0.31,0.0,,,,,
840,"Spiller, Isaiah",RB,LA Chargers,1.0,0.0,1.0,0,0,3,6,0.29,0.0,,,,,
849,"Haskins, Hassan",RB,Tennessee,0.0,-0.0,1.0,0,0,6,0,0.12,-0.0,,,,,
852,"Taylor, J.J.",RB,Houston,0.0,-0.0,0.0,3,3,1,0,0.02,-0.0,,,,,
879,"Blasingame, Khari",RB,Chicago,0.0,-0.0,0.0,4,0,0,3,0.12,-0.0,,,,,
881,"Ward, Jonathan",RB,Pittsburgh,0.0,-0.0,0.0,1,3,1,1,0.06,-0.0,,,,,
887,"Davis-Price, Tyrion",RB,Philadelphia,0.0,-0.0,0.0,0,0,2,1,0.08,-0.0,,,,,
903,"Taylor, Patrick",RB,San Francisco,1.0,0.0,2.0,0,2,3,8,0.37,0.0,,,,,
905,"Beck, Andrew",RB,Houston,1.0,0.0,2.0,0,0,3,6,0.29,0.0,,,,,
907,"Conner, Snoop",RB,Dallas,0.0,-0.0,1.0,0,0,2,0,0.04,-0.0,,,,,
908,"Evans, Darrynton",RB,Buffalo,1.0,0.0,2.0,2,1,2,5,0.24,0.0,,,,,
909,"Felton, Demetric",RB,Chicago,0.0,-0.0,0.0,0,8,1,0,0.02,-0.0,,,,,
915,"Prentice, Adam",RB,New Orleans,0.0,-0.0,0.0,0,2,3,1,0.1,-0.0,,,,,
953,"Dallas, DeeJay",RB,Arizona,1.0,-0.0,2.0,7,8,7,2,0.22,-0.0,,,,,
995,"McNichols, Jeremy",RB,Washington,0.0,0.0,0.0,12,13,0,0,0.0,0.0,,,,,
0,"Allen, Josh",QB,Buffalo,26.0,21.0,30.0,16,16,15,16,0.92,19.0,,,,,
1,"Hurts, Jalen",QB,Philadelphia,24.0,20.0,28.0,7,15,14,16,0.9,18.0,,,,,
3,"Mahomes, Patrick",QB,Kansas City,23.0,19.0,27.0,15,16,16,16,0.94,17.0,,,,,
8,"Goff, Jared",QB,Detroit,19.0,15.0,24.0,15,13,16,16,0.94,14.0,,,,,
6,"Prescott, Dak",QB,Dallas,20.0,15.0,25.0,5,15,11,16,0.84,12.0,,,,,
7,"Jackson, Lamar",QB,Baltimore,20.0,15.0,26.0,15,11,11,16,0.84,12.0,,,,,
9,"Tagovailoa, Tua",QB,Miami,19.0,14.0,23.0,9,11,13,16,0.88,12.0,,,,,
12,"Lawrence, Trevor",QB,Jacksonville,18.0,14.0,22.0,0,16,16,15,0.9,12.0,,,,,
13,"Wilson, Russell",QB,Pittsburgh,16.0,13.0,20.0,16,13,14,15,0.86,11.0,,,,,
16,"Carr, Derek",QB,New Orleans,15.0,12.0,19.0,16,16,15,16,0.92,11.0,,,,,
19,"Smith, Geno",QB,Seattle,16.0,12.0,20.0,0,4,16,14,0.86,10.0,,,,,
15,"Herbert, Justin",QB,LA Chargers,17.0,12.0,21.0,15,16,16,13,0.82,9.0,,,,,
20,"Purdy, Brock",QB,San Francisco,16.0,12.0,21.0,0,0,6,16,0.75,9.0,,,,,
26,"Mayfield, Baker",QB,Tampa Bay,15.0,11.0,19.0,16,14,11,16,0.84,9.0,,,,,
27,"Fields, Justin",QB,Pittsburgh,17.0,11.0,22.0,0,12,15,12,0.76,8.0,,,,,
31,"Stafford, Matthew",QB,LA Rams,14.0,10.0,17.0,15,16,9,15,0.76,7.0,,,,,
30,"Burrow, Joe",QB,Cincinnati,15.0,10.0,21.0,10,16,15,10,0.69,6.0,,,,,
32,"Love, Jordan",QB,Green Bay,14.0,10.0,19.0,0,1,2,16,0.67,6.0,,,,,
53,"Cousins, Kirk",QB,Atlanta,15.0,9.0,20.0,16,15,16,8,0.63,5.0,,,,,
71,"Howell, Sam",QB,Seattle,12.0,7.0,17.0,0,0,0,15,0.59,4.0,,,,,
81,"Minshew, Gardner",QB,Las Vegas,9.0,6.0,13.0,9,1,2,14,0.59,3.0,,,,,
87,"Stroud, C.J.",QB,Houston,12.0,6.0,18.0,0,0,0,14,0.55,3.0,,,,,
127,"Pickett, Kenny",QB,Philadelphia,7.0,5.0,10.0,0,0,12,12,0.71,3.0,,,,,
135,"Jones, Mac",QB,Jacksonville,9.0,5.0,12.0,0,15,13,10,0.65,3.0,,,,,
162,"Hill, Taysom",QB,New Orleans,7.0,4.0,11.0,13,10,13,13,0.76,3.0,,,,,
78,"Murray, Kyler",QB,Arizona,10.0,6.0,15.0,16,13,10,7,0.47,2.0,,,,,
100,"Dobbs, Joshua",QB,San Francisco,9.0,5.0,13.0,1,0,1,12,0.49,2.0,,,,,
144,"Jones, Daniel",QB,NY Giants,9.0,4.0,13.0,14,11,16,6,0.55,2.0,,,,,
155,"Ridder, Desmond",QB,Arizona,7.0,4.0,11.0,0,0,3,13,0.57,2.0,,,,,
169,"Wilson, Zach",QB,Denver,7.0,4.0,11.0,0,12,9,11,0.61,2.0,,,,,
173,"Young, Bryce",QB,Carolina,7.0,4.0,10.0,0,0,0,15,0.59,2.0,,,,,
140,"Garoppolo, Jimmy",QB,LA Rams,7.0,4.0,11.0,6,14,11,6,0.45,1.0,,,,,
178,"Heinicke, Taylor",QB,Atlanta,6.0,3.0,9.0,1,15,9,5,0.37,1.0,,,,,
220,"Rodgers, Aaron",QB,NY Jets,5.0,2.0,9.0,16,15,16,0,0.31,0.0,,,,,
225,"Flacco, Joe",QB,Indianapolis,7.0,2.0,11.0,4,2,3,5,0.25,0.0,,,,,
240,"Watson, Deshaun",QB,Cleveland,5.0,2.0,9.0,16,0,5,5,0.29,0.0,,,,,
250,"Browning, Jake",QB,Cincinnati,6.0,2.0,10.0,0,0,0,7,0.27,0.0,,,,,
254,"Mills, Davis",QB,Houston,4.0,2.0,7.0,0,11,14,1,0.31,0.0,,,,,
265,"Brissett, Jacoby",QB,New England,5.0,2.0,8.0,2,7,11,2,0.29,0.0,,,,,
282,"Trubisky, Mitchell",QB,Buffalo,4.0,1.0,6.0,9,2,7,4,0.29,0.0,,,,,
292,"Taylor, Tyrod",QB,NY Jets,3.0,1.0,6.0,1,6,2,6,0.27,0.0,,,,,
298,"Levis, Will",QB,Tennessee,4.0,1.0,8.0,0,0,0,8,0.31,0.0,,,,,
311,"DeVito, Tommy",QB,NY Giants,4.0,1.0,7.0,0,0,0,8,0.31,0.0,,,,,
341,"Mariota, Marcus",QB,Washington,4.0,1.0,8.0,1,3,13,0,0.25,0.0,,,,,
342,"Dalton, Andy",QB,Carolina,5.0,1.0,9.0,10,6,13,1,0.29,0.0,,,,,
344,"Zappe, Bailey",QB,New England,4.0,1.0,7.0,0,0,4,7,0.35,0.0,,,,,
454,"Boyle, Tim",QB,Houston,1.0,-0.0,1.0,0,3,0,2,0.08,-0.0,,,,,
455,"Rush, Cooper",QB,Dallas,1.0,-0.0,3.0,0,2,7,1,0.18,-0.0,,,,,
474,"Wolford, John",QB,Tampa Bay,0.0,-0.0,1.0,1,0,2,0,0.04,-0.0,,,,,
487,"Bagent, Tyson",QB,Chicago,2.0,0.0,5.0,0,0,0,5,0.2,0.0,,,,,
497,"Trask, Kyle",QB,Tampa Bay,-0.0,-0.0,0.0,0,0,0,0,0.0,-0.0,,,,,
509,"Eason, Jacob",QB,Green Bay,0.0,-0.0,0.0,0,0,1,0,0.02,-0.0,,,,,
541,"Book, Ian",QB,Kansas City,0.0,0.0,0.0,0,1,0,0,0.0,0.0,,,,,
571,"Clifford, Sean",QB,Green Bay,0.0,0.0,0.0,0,0,0,0,0.0,0.0,,,,,
582,"Tune, Clayton",QB,Arizona,0.0,-0.0,1.0,0,0,0,2,0.08,-0.0,,,,,
596,"Hall, Jaren",QB,Minnesota,0.0,-0.0,0.0,0,0,0,1,0.04,-0.0,,,,,
612,"Thompson-Robinson, Dorian",QB,Cleveland,1.0,-0.0,2.0,0,0,0,4,0.16,-0.0,,,,,
615,"Stick, Easton",QB,LA Chargers,2.0,-0.0,4.0,0,0,0,4,0.16,-0.0,,,,,
618,"Richardson, Anthony",QB,Indianapolis,3.0,-0.0,6.0,0,0,0,4,0.16,-0.0,,,,,
631,"Lance, Trey",QB,Dallas,0.0,-0.0,1.0,0,5,2,0,0.04,-0.0,,,,,
692,"Willis, Malik",QB,Tennessee,0.0,-0.0,1.0,0,0,3,1,0.1,-0.0,,,,,
735,"Wentz, Carson",QB,Kansas City,3.0,-0.0,6.0,12,16,8,0,0.16,-0.0,,,,,
741,"Lock, Drew",QB,NY Giants,1.0,-0.0,3.0,12,4,0,3,0.12,-0.0,,,,,
778,"Driskel, Jeff",QB,Washington,0.0,-0.0,1.0,2,0,3,0,0.06,-0.0,,,,,
785,"Huntley, Tyler",QB,Cleveland,2.0,0.0,3.0,1,6,5,2,0.18,0.0,,,,,
788,"Rypien, Brett",QB,Chicago,1.0,-0.0,1.0,2,0,3,2,0.14,-0.0,,,,,
801,"Walker, Phillip",QB,Seattle,2.0,-0.0,4.0,1,4,5,3,0.22,-0.0,,,,,
807,"Ehlinger, Sam",QB,Indianapolis,0.0,-0.0,1.0,0,0,3,0,0.06,-0.0,,,,,
817,"Brown, Anthony",QB,Las Vegas,-0.0,-0.0,0.0,0,0,0,0,0.0,-0.0,,,,,
828,"Johnson, Josh",QB,Baltimore,0.0,0.0,0.0,0,3,0,0,0.0,0.0,,,,,
845,"Allen, Brandon",QB,San Francisco,-0.0,-0.0,0.0,4,1,0,0,0.0,-0.0,,,,,
864,"Beathard, C.J.",QB,Jacksonville,1.0,-0.0,2.0,5,1,0,3,0.12,-0.0,,,,,
880,"Sudfeld, Nate",QB,Detroit,-0.0,-0.0,0.0,0,0,0,0,0.0,-0.0,,,,,
912,"Thompson, Skylar",QB,Miami,0.0,-0.0,1.0,0,0,3,0,0.06,-0.0,,,,,
914,"Peterman, Nathan",QB,New Orleans,-0.0,-0.0,0.0,1,0,0,0,0.0,-0.0,,,,,
972,"Mullens, Nick",QB,Minnesota,3.0,-0.0,6.0,9,1,2,4,0.2,-0.0,,,,,
986,"Winston, Jameis",QB,Cleveland,2.0,-0.0,4.0,1,7,3,3,0.18,-0.0,,,,,
996,"Woodside, Logan",QB,Cincinnati,0.0,0.0,0.0,1,0,0,0,0.0,0.0,,,,,
1005,"White, Mike",QB,Miami,1.0,-1.0,4.0,0,4,4,1,0.12,-1.0,,,,,
1008,"Stidham, Jarrett",QB,Denver,1.0,-1.0,4.0,5,0,2,1,0.08,-1.0,,,,,
1009,"Rudolph, Mason",QB,Tennessee,1.0,-1.0,3.0,1,2,0,2,0.08,-1.0,,,,,
1011,"Darnold, Sam",QB,Minnesota,2.0,-1.0,4.0,12,11,5,1,0.14,-1.0,,,,,
1013,"Allen, Kyle",QB,Pittsburgh,0.0,-1.0,1.0,4,2,2,0,0.04,-1.0,,,,,
1015,"Keenum, Case",QB,Houston,1.0,-1.0,2.0,1,2,0,1,0.04,-1.0,,,,,
684,"Brown, Spencer",OT,Buffalo,0.0,-0.0,0.0,0,0,2,0,0.04,-0.0,,,,,
76,"Tucker, Justin",K,Baltimore,8.0,7.0,10.0,16,16,16,16,0.94,6.0,,,,,
88,"Myers, Jason",K,Seattle,8.0,6.0,10.0,16,15,16,16,0.94,5.0,,,,,
93,"Elliott, Jake",K,Philadelphia,7.0,6.0,9.0,15,16,15,16,0.92,5.0,,,,,
110,"Bass, Tyler",K,Buffalo,7.0,5.0,9.0,16,15,15,15,0.88,4.0,,,,,
113,"Koo, Younghoe",K,Atlanta,7.0,5.0,9.0,15,15,15,16,0.92,4.0,,,,,
114,"McPherson, Evan",K,Cincinnati,7.0,5.0,8.0,0,15,14,16,0.9,4.0,,,,,
115,"Gay, Matt",K,Indianapolis,7.0,5.0,10.0,7,16,16,14,0.86,4.0,,,,,
116,"Carlson, Daniel",K,Las Vegas,7.0,5.0,8.0,16,16,15,15,0.88,4.0,,,,,
117,"Sanders, Jason",K,Miami,7.0,5.0,9.0,16,15,16,16,0.94,4.0,,,,,
118,"Joseph, Greg",K,Green Bay,6.0,5.0,7.0,0,16,16,16,0.94,4.0,,,,,
119,"Lutz, Wil",K,Denver,7.0,5.0,8.0,16,0,14,14,0.82,4.0,,,,,
120,"Folk, Nick",K,Tennessee,7.0,5.0,9.0,16,16,15,16,0.92,4.0,,,,,
121,"Pineiro, Eddy",K,Carolina,6.0,5.0,8.0,0,4,16,15,0.9,4.0,,,,,
123,"Santos, Cairo",K,Chicago,7.0,5.0,9.0,16,15,14,16,0.9,4.0,,,,,
124,"Butker, Harrison",K,Kansas City,7.0,5.0,9.0,16,15,12,16,0.86,4.0,,,,,
125,"McLaughlin, Chase",K,Tampa Bay,7.0,5.0,9.0,4,14,14,16,0.9,4.0,,,,,
129,"Dicker, Cameron",K,LA Chargers,7.0,5.0,8.0,0,0,10,16,0.82,4.0,,,,,
122,"Zuerlein, Greg",K,NY Jets,7.0,5.0,9.0,16,14,16,12,0.78,3.0,,,,,
142,"Slye, Joey",K,New England,5.0,4.0,6.0,16,11,14,14,0.82,3.0,,,,,
151,"Fairbairn, Ka'imi",K,Houston,6.0,4.0,8.0,15,9,16,11,0.75,3.0,,,,,
153,"Prater, Matt",K,Arizona,6.0,4.0,8.0,15,16,12,14,0.78,3.0,,,,,
157,"Boswell, Chris",K,Pittsburgh,6.0,4.0,8.0,13,16,11,15,0.8,3.0,,,,,
148,"Aubrey, Brandon",K,Dallas,6.0,4.0,9.0,0,0,0,16,0.63,2.0,,,,,
154,"Hopkins, Dustin",K,Cleveland,6.0,4.0,8.0,16,15,5,15,0.69,2.0,,,,,
184,"Grupe, Blake",K,New Orleans,5.0,3.0,7.0,0,0,0,16,0.63,1.0,,,,,
199,"Moody, Jake",K,San Francisco,5.0,3.0,7.0,0,0,0,16,0.63,1.0,,,,,
214,"Carlson, Anders",K,Green Bay,4.0,3.0,6.0,0,0,0,16,0.63,1.0,,,,,
228,"Gano, Graham",K,NY Giants,4.0,2.0,6.0,16,16,15,7,0.57,1.0,,,,,
290,"Ryland, Chad",K,New England,2.0,1.0,4.0,0,0,0,13,0.51,0.0,,,,,
296,"Badgley, Michael",K,Detroit,3.0,1.0,4.0,15,11,12,3,0.35,0.0,,,,,
328,"York, Cade",K,Cleveland,2.0,1.0,3.0,0,0,16,0,0.31,0.0,,,,,
468,"Seibert, Austin",K,NY Jets,1.0,-0.0,1.0,4,5,3,1,0.1,-0.0,,,,,
800,"Wright, Matthew",K,Pittsburgh,1.0,-0.0,3.0,3,11,6,0,0.12,-0.0,,,,,
822,"Green, A.J.",DB,Minnesota,1.0,-0.0,2.0,11,15,9,0,0.18,-0.0,,,,,
10,"Brown, St.",,,19.0,14.0,23.0,6.0,16.0,15.0,15.0,0.88,12.0,,,,,
128,"McManus, Brandon",,,7.0,5.0,9.0,14.0,16.0,16.0,14.0,0.86,4.0,,,,,
141,"Patterson, Riley",,,6.0,4.0,7.0,0.0,6.0,16.0,11.0,0.75,3.0,,,,,
159,"Hunt, Kareem",,,6.0,4.0,8.0,16.0,8.0,15.0,14.0,0.84,3.0,,,,,
183,"McKinnon, Jerick",,,7.0,3.0,10.0,13.0,6.0,15.0,11.0,0.73,2.0,,,,,
194,"Murray, Latavius",,,5.0,3.0,7.0,15.0,13.0,12.0,14.0,0.78,2.0,,,,,
201,"Cook, Dalvin",,,6.0,3.0,9.0,14.0,12.0,16.0,12.0,0.78,2.0,,,,,
212,"Gallup, Michael",,,5.0,3.0,7.0,15.0,9.0,12.0,14.0,0.78,2.0,,,,,
180,"Maher, Brett",,,5.0,3.0,8.0,0.0,6.0,16.0,6.0,0.55,1.0,,,,,
182,"Waller, Darren",,,5.0,3.0,8.0,16.0,10.0,7.0,11.0,0.57,1.0,,,,,
200,"Tannehill, Ryan",,,6.0,3.0,9.0,16.0,16.0,12.0,8.0,0.55,1.0,,,,,
216,"Renfrow, Hunter",,,3.0,2.0,4.0,16.0,16.0,9.0,11.0,0.61,1.0,,,,,
247,"Parker, DeVante",,,4.0,2.0,6.0,13.0,8.0,9.0,12.0,0.65,1.0,,,,,
259,"Beckham, Jr.",,,4.0,2.0,6.0,6.0,13.0,0.0,13.0,0.51,1.0,,,,,
223,"Connell, O'",,,5.0,2.0,8.0,0.0,0.0,0.0,10.0,0.39,0.0,,,,,
264,"Brady, Tom",,,6.0,2.0,11.0,16.0,16.0,16.0,0.0,0.31,0.0,,,,,
266,"Thomas, Michael",,,4.0,2.0,7.0,7.0,0.0,3.0,9.0,0.41,0.0,,,,,
284,"Henderson, Darrell",,,3.0,1.0,5.0,12.0,12.0,9.0,4.0,0.33,0.0,,,,,
289,"Harris, Damien",,,2.0,1.0,4.0,10.0,14.0,10.0,5.0,0.39,0.0,,,,,
294,"James, Richie",,,3.0,1.0,5.0,6.0,0.0,13.0,6.0,0.49,0.0,,,,,
295,"Gordon, Melvin",,,2.0,1.0,4.0,15.0,14.0,8.0,3.0,0.27,0.0,,,,,
300,"Havrisik, Lucas",,,2.0,1.0,4.0,0.0,0.0,0.0,8.0,0.31,0.0,,,,,
302,"Breida, Matt",,,2.0,1.0,3.0,8.0,5.0,13.0,11.0,0.69,0.0,,,,,
308,"McCloud, Ray",,,2.0,1.0,3.0,8.0,12.0,12.0,6.0,0.47,0.0,,,,,
312,"Ryan, Matt",,,4.0,1.0,7.0,16.0,16.0,12.0,0.0,0.24,0.0,,,,,
318,"Kelley, Joshua",,,3.0,1.0,5.0,12.0,5.0,11.0,13.0,0.73,0.0,,,,,
319,"Jones, Marvin",,,2.0,1.0,4.0,16.0,16.0,13.0,2.0,0.33,0.0,,,,,
320,"Fournette, Leonard",,,4.0,1.0,7.0,12.0,14.0,15.0,1.0,0.33,0.0,,,,,
333,"Crosby, Mason",,,2.0,1.0,4.0,16.0,15.0,16.0,2.0,0.39,0.0,,,,,
337,"Succop, Ryan",,,2.0,1.0,4.0,16.0,15.0,15.0,0.0,0.29,0.0,,,,,
338,"Bullock, Randy",,,2.0,1.0,3.0,11.0,13.0,14.0,5.0,0.47,0.0,,,,,
339,"Gould, Robbie",,,2.0,1.0,4.0,14.0,12.0,16.0,0.0,0.31,0.0,,,,,
340,"Jones, Julio",,,2.0,1.0,4.0,9.0,8.0,10.0,7.0,0.47,0.0,,,,,
343,"Agnew, Jamal",,,3.0,1.0,4.0,9.0,7.0,10.0,6.0,0.43,0.0,,,,,
348,"Cobb, Randall",,,2.0,1.0,3.0,10.0,10.0,11.0,4.0,0.37,0.0,,,,,
351,"Pringle, Byron",,,2.0,1.0,3.0,5.0,15.0,6.0,9.0,0.47,0.0,,,,,
356,"Wesley, Antoine",,,0.0,0.0,0.0,0.0,6.0,0.0,0.0,0.0,0.0,,,,,
357,"Freeman, Devonta",,,0.0,0.0,0.0,4.0,13.0,0.0,0.0,0.0,0.0,,,,,
360,"Nugent, Mike",,,0.0,0.0,0.0,3.0,0.0,0.0,0.0,0.0,0.0,,,,,
362,"Auclair, Antony",,,0.0,0.0,0.0,0.0,3.0,0.0,0.0,0.0,0.0,,,,,
363,"Stocker, Luke",,,0.0,0.0,0.0,6.0,2.0,0.0,0.0,0.0,0.0,,,,,
365,"Russolino, Taylor",,,0.0,0.0,0.0,0.0,0.0,0.0,0.0,0.0,0.0,,,,,
366,"Santoso, Ryan",,,0.0,0.0,0.0,0.0,4.0,0.0,0.0,0.0,0.0,,,,,
367,"Williams, Damien",,,0.0,-0.0,1.0,0.0,7.0,0.0,2.0,0.08,-0.0,,,,,
369,"Seals-Jones, Ricky",,,0.0,0.0,0.0,0.0,10.0,0.0,0.0,0.0,0.0,,,,,
372,"Griffin, Garrett",,,0.0,0.0,0.0,0.0,2.0,0.0,0.0,0.0,0.0,,,,,
374,"Richard, Jalen",,,0.0,0.0,0.0,12.0,7.0,0.0,0.0,0.0,0.0,,,,,
376,"Grayson, Cyril",,,0.0,0.0,0.0,0.0,3.0,0.0,0.0,0.0,0.0,,,,,
377,"Shudak, Caleb",,,0.0,-0.0,1.0,0.0,0.0,1.0,0.0,0.02,-0.0,,,,,
378,"Vizcaino, Tristan",,,0.0,-0.0,1.0,1.0,5.0,1.0,0.0,0.02,-0.0,,,,,
379,"Rader, Kevin",,,0.0,-0.0,0.0,0.0,2.0,0.0,1.0,0.04,-0.0,,,,,
380,"Patmon, Dezmon",,,0.0,-0.0,0.0,0.0,2.0,1.0,0.0,0.02,-0.0,,,,,
381,"Hoyer, Brian",,,0.0,-0.0,1.0,1.0,3.0,1.0,2.0,0.1,-0.0,,,,,
382,"Wilson, Albert",,,0.0,0.0,0.0,0.0,9.0,0.0,0.0,0.0,0.0,,,,,
383,"Thomas, Mike",,,0.0,-0.0,0.0,6.0,5.0,2.0,0.0,0.04,-0.0,,,,,
385,"Sharpe, Tajae",,,0.0,0.0,0.0,0.0,12.0,0.0,0.0,0.0,0.0,,,,,
386,"Merritt, Kirk",,,0.0,0.0,0.0,0.0,1.0,0.0,0.0,0.0,0.0,,,,,
387,"Gore, Derrick",,,0.0,-0.0,0.0,0.0,7.0,0.0,1.0,0.04,-0.0,,,,,
388,"Graham, Jaeden",,,0.0,0.0,0.0,3.0,0.0,0.0,0.0,0.0,0.0,,,,,
389,"Phillips, Scottie",,,0.0,0.0,0.0,1.0,1.0,0.0,0.0,0.0,0.0,,,,,
390,"Jeffery, Alshon",,,0.0,0.0,0.0,4.0,0.0,0.0,0.0,0.0,0.0,,,,,
391,"Bryant, Hunter",,,0.0,0.0,0.0,1.0,0.0,0.0,0.0,0.0,0.0,,,,,
392,"Carson, Chris",,,0.0,0.0,0.0,12.0,4.0,0.0,0.0,0.0,0.0,,,,,
393,"DiNucci, Ben",,,0.0,0.0,0.0,2.0,0.0,0.0,0.0,0.0,0.0,,,,,
394,"Mickens, Jaydon",,,0.0,0.0,0.0,2.0,1.0,0.0,0.0,0.0,0.0,,,,,
395,"Carr, Austin",,,0.0,0.0,0.0,3.0,0.0,0.0,0.0,0.0,0.0,,,,,
396,"Ford, Isaiah",,,0.0,0.0,0.0,9.0,7.0,0.0,0.0,0.0,0.0,,,,,
397,"Smith, Vyncint",,,0.0,0.0,0.0,1.0,0.0,0.0,0.0,0.0,0.0,,,,,
398,"Zuber, Isaiah",,,0.0,0.0,0.0,3.0,0.0,0.0,0.0,0.0,0.0,,,,,
399,"Henne, Chad",,,-0.0,-0.0,0.0,2.0,1.0,0.0,0.0,0.0,-0.0,,,,,
400,"Ollison, Qadree",,,0.0,0.0,0.0,0.0,4.0,0.0,0.0,0.0,0.0,,,,,
401,"Thompson, Darwin",,,0.0,0.0,0.0,3.0,0.0,0.0,0.0,0.0,0.0,,,,,
402,"Streveler, Chris",,,0.0,-0.0,1.0,1.0,1.0,1.0,0.0,0.02,-0.0,,,,,
403,"Rosas, Aldrick",,,0.0,0.0,0.0,6.0,5.0,0.0,0.0,0.0,0.0,,,,,
405,"Asiasi, Devin",,,0.0,-0.0,0.0,1.0,0.0,1.0,0.0,0.02,-0.0,,,,,
406,"Perkins, Bryce",,,0.0,-0.0,1.0,0.0,0.0,2.0,0.0,0.04,-0.0,,,,,
408,"Glennon, Mike",,,0.0,0.0,0.0,5.0,4.0,0.0,0.0,0.0,0.0,,,,,
412,"Hill, K.J.",,,0.0,0.0,0.0,5.0,1.0,0.0,0.0,0.0,0.0,,,,,
413,"Fry, Elliott",,,0.0,0.0,0.0,1.0,1.0,0.0,0.0,0.0,0.0,,,,,
414,"Riddick, Theo",,,0.0,0.0,0.0,3.0,0.0,0.0,0.0,0.0,0.0,,,,,
415,"Williams, Dexter",,,0.0,0.0,0.0,0.0,0.0,0.0,0.0,0.0,0.0,,,,,
416,"Smith, Lee",,,0.0,0.0,0.0,3.0,5.0,0.0,0.0,0.0,0.0,,,,,
417,"Adams, Josh",,,0.0,0.0,0.0,4.0,0.0,0.0,0.0,0.0,0.0,,,,,
418,"Griffin, III",,,0.0,0.0,0.0,1.0,0.0,0.0,0.0,0.0,0.0,,,,,
419,"Brooks-James, Tony",,,0.0,0.0,0.0,0.0,0.0,0.0,0.0,0.0,0.0,,,,,
420,"Carter, Cethan",,,0.0,0.0,0.0,5.0,2.0,0.0,0.0,0.0,0.0,,,,,
421,"Dillon, Brandon",,,0.0,0.0,0.0,1.0,0.0,0.0,0.0,0.0,0.0,,,,,
422,"Sanu, Mohamed",,,0.0,0.0,0.0,7.0,7.0,0.0,0.0,0.0,0.0,,,,,
423,"Hightower, John",,,0.0,0.0,0.0,6.0,0.0,0.0,0.0,0.0,0.0,,,,,
424,"Johnson, KeeSean",,,0.0,0.0,0.0,8.0,0.0,0.0,0.0,0.0,0.0,,,,,
425,"Schaub, Matt",,,0.0,0.0,0.0,0.0,0.0,0.0,0.0,0.0,0.0,,,,,
426,"Yelder, Deon",,,0.0,0.0,0.0,6.0,1.0,0.0,0.0,0.0,0.0,,,,,
427,"Humphries, Adam",,,0.0,0.0,0.0,6.0,15.0,0.0,0.0,0.0,0.0,,,,,
429,"Hansen, Chad",,,0.0,0.0,0.0,5.0,0.0,0.0,0.0,0.0,0.0,,,,,
430,"Bowden, Lynn",,,1.0,0.0,1.0,5.0,0.0,0.0,5.0,0.2,0.0,,,,,
433,"Lewis, Tommylee",,,0.0,0.0,0.0,2.0,1.0,0.0,0.0,0.0,0.0,,,,,
434,"Samuels, Jaylen",,,0.0,0.0,0.0,5.0,1.0,0.0,0.0,0.0,0.0,,,,,
435,"Willson, Luke",,,0.0,0.0,0.0,1.0,0.0,0.0,0.0,0.0,0.0,,,,,
436,"Wims, Javon",,,0.0,0.0,0.0,5.0,0.0,0.0,0.0,0.0,0.0,,,,,
437,"Inman, Dontrelle",,,0.0,0.0,0.0,6.0,0.0,0.0,0.0,0.0,0.0,,,,,
439,"Kumerow, Jake",,,0.0,-0.0,1.0,1.0,1.0,2.0,0.0,0.04,-0.0,,,,,
440,"McCoy, LeSean",,,0.0,0.0,0.0,8.0,0.0,0.0,0.0,0.0,0.0,,,,,
442,"McCarron, A.J.",,,-0.0,-0.0,0.0,0.0,0.0,0.0,0.0,0.0,-0.0,,,,,
443,"Sherman, Anthony",,,0.0,0.0,0.0,1.0,0.0,0.0,0.0,0.0,0.0,,,,,
444,"Spencer, Diontae",,,0.0,0.0,0.0,3.0,0.0,0.0,0.0,0.0,0.0,,,,,
445,"Austin, Tavon",,,0.0,0.0,0.0,2.0,9.0,0.0,0.0,0.0,0.0,,,,,
446,"Bradley, Ja'Marcus",,,0.0,0.0,0.0,1.0,2.0,0.0,0.0,0.0,0.0,,,,,
447,"Foster, Robert",,,0.0,0.0,0.0,2.0,0.0,0.0,0.0,0.0,0.0,,,,,
448,"Haskins, Dwayne",,,0.0,0.0,0.0,6.0,0.0,0.0,0.0,0.0,0.0,,,,,
449,"Roberts, Andre",,,0.0,0.0,0.0,1.0,1.0,0.0,0.0,0.0,0.0,,,,,
450,"Warring, Kahale",,,0.0,0.0,0.0,2.0,0.0,0.0,0.0,0.0,0.0,,,,,
451,"Bellamy, LeVante",,,0.0,0.0,0.0,1.0,0.0,0.0,0.0,0.0,0.0,,,,,
453,"Golladay, Kenny",,,0.0,-0.0,0.0,4.0,11.0,2.0,0.0,0.04,-0.0,,,,,
459,"Howell, Greg",,,0.0,0.0,0.0,2.0,1.0,0.0,0.0,0.0,0.0,,,,,
460,"Scott, Jaleel",,,0.0,0.0,0.0,1.0,0.0,0.0,0.0,0.0,0.0,,,,,
461,"Huntley, Jason",,,0.0,0.0,0.0,2.0,0.0,0.0,0.0,0.0,0.0,,,,,
463,"Cannon, Trenton",,,0.0,0.0,0.0,2.0,0.0,0.0,0.0,0.0,0.0,,,,,
465,"Toilolo, Levine",,,0.0,0.0,0.0,5.0,0.0,0.0,0.0,0.0,0.0,,,,,
469,"Reed, Joe",,,0.0,0.0,0.0,1.0,0.0,0.0,0.0,0.0,0.0,,,,,
470,"Williams, Antonio",,,0.0,0.0,0.0,1.0,0.0,0.0,0.0,0.0,0.0,,,,,
471,"Shaughnessy, O'",,,0.0,0.0,0.0,13.0,7.0,0.0,0.0,0.0,0.0,,,,,
472,"McDonald, Vance",,,0.0,0.0,0.0,8.0,0.0,0.0,0.0,0.0,0.0,,,,,
473,"Lovett, John",,,0.0,0.0,0.0,0.0,0.0,0.0,0.0,0.0,0.0,,,,,
475,"Foster, D.J.",,,0.0,0.0,0.0,1.0,0.0,0.0,0.0,0.0,0.0,,,,,
476,"Barkley, Matt",,,-0.0,-0.0,0.0,1.0,0.0,0.0,0.0,0.0,-0.0,,,,,
477,"Montgomery, Ty",,,0.0,-0.0,1.0,2.0,6.0,1.0,4.0,0.18,-0.0,,,,,
478,"Arcega-Whiteside, J.J.",,,0.0,0.0,0.0,4.0,2.0,0.0,0.0,0.0,0.0,,,,,
479,"Godwin, Terry",,,0.0,0.0,0.0,1.0,0.0,0.0,0.0,0.0,0.0,,,,,
480,"Mitchell, Steven",,,0.0,0.0,0.0,3.0,0.0,0.0,0.0,0.0,0.0,,,,,
481,"Stevens, Tommy",,,0.0,0.0,0.0,1.0,0.0,0.0,0.0,0.0,0.0,,,,,
483,"Brown, Daniel",,,0.0,0.0,0.0,2.0,1.0,0.0,0.0,0.0,0.0,,,,,
484,"Dieter, Gehrig",,,0.0,0.0,0.0,1.0,0.0,0.0,0.0,0.0,0.0,,,,,
485,"Dafney, Dominique",,,0.0,0.0,0.0,2.0,1.0,0.0,0.0,0.0,0.0,,,,,
486,"Williams, Tyrell",,,0.0,0.0,0.0,0.0,1.0,0.0,0.0,0.0,0.0,,,,,
490,"Fromm, Jake",,,0.0,0.0,0.0,0.0,2.0,0.0,0.0,0.0,0.0,,,,,
491,"Sprinkle, Jeremy",,,0.0,0.0,0.0,1.0,1.0,0.0,0.0,0.0,0.0,,,,,
492,"Helm, Daniel",,,0.0,0.0,0.0,0.0,0.0,0.0,0.0,0.0,0.0,,,,,
498,"Moore, Jason",,,0.0,-0.0,0.0,0.0,1.0,1.0,0.0,0.02,-0.0,,,,,
504,"Benkert, Kurt",,,0.0,0.0,0.0,0.0,0.0,0.0,0.0,0.0,0.0,,,,,
505,"Hardy, JaQuan",,,0.0,0.0,0.0,0.0,0.0,0.0,0.0,0.0,0.0,,,,,
506,"Ragas, Trey",,,0.0,0.0,0.0,0.0,1.0,0.0,0.0,0.0,0.0,,,,,
508,"Gordon, Josh",,,0.0,0.0,0.0,0.0,4.0,0.0,0.0,0.0,0.0,,,,,
510,"Janovich, Andy",,,0.0,0.0,0.0,2.0,4.0,0.0,0.0,0.0,0.0,,,,,
513,"Hollister, Cody",,,0.0,-0.0,0.0,1.0,3.0,2.0,0.0,0.04,-0.0,,,,,
515,"Koski, J.J.",,,0.0,0.0,0.0,0.0,0.0,0.0,0.0,0.0,0.0,,,,,
517,"Kemp, Marcus",,,0.0,0.0,0.0,1.0,2.0,0.0,0.0,0.0,0.0,,,,,
519,"Stanton, Johnny",,,0.0,0.0,0.0,0.0,2.0,0.0,0.0,0.0,0.0,,,,,
520,"Webb, Davis",,,0.0,0.0,0.0,0.0,0.0,0.0,0.0,0.0,0.0,,,,,
521,"Rosen, Josh",,,0.0,0.0,0.0,0.0,0.0,0.0,0.0,0.0,0.0,,,,,
523,"Fisk, Tucker",,,0.0,-0.0,0.0,0.0,0.0,0.0,1.0,0.04,-0.0,,,,,
524,"Crockett, Damarea",,,0.0,0.0,0.0,0.0,0.0,0.0,0.0,0.0,0.0,,,,,
529,"Bonnafon, Reggie",,,0.0,0.0,0.0,2.0,1.0,0.0,0.0,0.0,0.0,,,,,
531,"Miller, Bruce",,,0.0,0.0,0.0,1.0,0.0,0.0,0.0,0.0,0.0,,,,,
532,"Gillaspia, Cullen",,,0.0,0.0,0.0,1.0,0.0,0.0,0.0,0.0,0.0,,,,,
533,"Natson, JoJo",,,0.0,0.0,0.0,0.0,0.0,0.0,0.0,0.0,0.0,,,,,
534,"Malone, Josh",,,0.0,0.0,0.0,1.0,0.0,0.0,0.0,0.0,0.0,,,,,
535,"Baugh, Marcus",,,0.0,0.0,0.0,1.0,0.0,0.0,0.0,0.0,0.0,,,,,
536,"Perry, Senorise",,,0.0,0.0,0.0,0.0,0.0,0.0,0.0,0.0,0.0,,,,,
537,"Hajrullahu, Lirim",,,0.0,0.0,0.0,0.0,3.0,0.0,0.0,0.0,0.0,,,,,
538,"Naggar, Chris",,,0.0,0.0,0.0,0.0,1.0,0.0,0.0,0.0,0.0,,,,,
539,"Green, Virgil",,,0.0,0.0,0.0,3.0,0.0,0.0,0.0,0.0,0.0,,,,,
540,"Fowler, Bennie",,,0.0,0.0,0.0,1.0,0.0,0.0,0.0,0.0,0.0,,,,,
542,"Hemingway, Temarrick",,,0.0,0.0,0.0,1.0,0.0,0.0,0.0,0.0,0.0,,,,,
543,"Cox, Chandler",,,0.0,0.0,0.0,2.0,0.0,0.0,0.0,0.0,0.0,,,,,
544,"Kessman, Alex",,,0.0,0.0,0.0,0.0,0.0,0.0,0.0,0.0,0.0,,,,,
545,"Thomas, Jordan",,,0.0,0.0,0.0,1.0,0.0,0.0,0.0,0.0,0.0,,,,,
546,"Killins, Adrian",,,0.0,0.0,0.0,0.0,0.0,0.0,0.0,0.0,0.0,,,,,
547,"Sciba, Nick",,,0.0,-0.0,1.0,0.0,0.0,1.0,0.0,0.02,-0.0,,,,,
548,"Schreck, Mason",,,0.0,-0.0,0.0,0.0,0.0,2.0,0.0,0.04,-0.0,,,,,
549,"Croom, Jason",,,0.0,0.0,0.0,1.0,0.0,0.0,0.0,0.0,0.0,,,,,
550,"Butt, Jake",,,0.0,0.0,0.0,2.0,0.0,0.0,0.0,0.0,0.0,,,,,
551,"Yeldon, T.J.",,,0.0,0.0,0.0,2.0,0.0,0.0,0.0,0.0,0.0,,,,,
552,"Roberts, Seth",,,0.0,0.0,0.0,3.0,0.0,0.0,0.0,0.0,0.0,,,,,
554,"Newsome, Dazz",,,0.0,0.0,0.0,0.0,1.0,0.0,0.0,0.0,0.0,,,,,
555,"Cottrell, Nate",,,0.0,0.0,0.0,0.0,0.0,0.0,0.0,0.0,0.0,,,,,
556,"Ffrench, Maurice",,,0.0,0.0,0.0,0.0,0.0,0.0,0.0,0.0,0.0,,,,,
557,"Wolf, Ethan",,,0.0,0.0,0.0,0.0,1.0,0.0,0.0,0.0,0.0,,,,,
558,"Patrick, Jacques",,,0.0,0.0,0.0,0.0,1.0,0.0,0.0,0.0,0.0,,,,,
560,"Mannion, Sean",,,0.0,0.0,0.0,0.0,1.0,0.0,0.0,0.0,0.0,,,,,
562,"Armstead, Ryquell",,,0.0,0.0,0.0,0.0,1.0,0.0,0.0,0.0,0.0,,,,,
563,"Mond, Kellen",,,0.0,0.0,0.0,0.0,0.0,0.0,0.0,0.0,0.0,,,,,
566,"Edelman, Julian",,,0.0,0.0,0.0,6.0,0.0,0.0,0.0,0.0,0.0,,,,,
568,"Gandy-Golden, Antonio",,,0.0,0.0,0.0,2.0,0.0,0.0,0.0,0.0,0.0,,,,,
569,"Ginn, Jr.",,,0.0,0.0,0.0,2.0,0.0,0.0,0.0,0.0,0.0,,,,,
570,"Ratley, Damion",,,0.0,0.0,0.0,2.0,0.0,0.0,0.0,0.0,0.0,,,,,
574,"Johnson, Brian",,,0.0,0.0,0.0,0.0,6.0,0.0,0.0,0.0,0.0,,,,,
578,"Bawden, Nick",,,0.0,-0.0,1.0,0.0,1.0,0.0,4.0,0.16,-0.0,,,,,
583,"Blewitt, Chris",,,0.0,0.0,0.0,0.0,2.0,0.0,0.0,0.0,0.0,,,,,
585,"Forbath, Kai",,,0.0,0.0,0.0,2.0,0.0,0.0,0.0,0.0,0.0,,,,,
586,"Smallwood, Wendell",,,0.0,0.0,0.0,0.0,2.0,0.0,0.0,0.0,0.0,,,,,
587,"Blanton, Kendall",,,0.0,-0.0,0.0,0.0,3.0,2.0,0.0,0.04,-0.0,,,,,
588,"Harris, Demetrius",,,0.0,0.0,0.0,4.0,2.0,0.0,0.0,0.0,0.0,,,,,
590,"McCrary, Nate",,,0.0,0.0,0.0,0.0,0.0,0.0,0.0,0.0,0.0,,,,,
591,"Sargent, Mekhi",,,0.0,0.0,0.0,0.0,0.0,0.0,0.0,0.0,0.0,,,,,
592,"Westbrook, Dede",,,0.0,0.0,0.0,1.0,6.0,0.0,0.0,0.0,0.0,,,,,
614,"Benjamin, Travis",,,0.0,0.0,0.0,0.0,0.0,0.0,0.0,0.0,0.0,,,,,
616,"Board, C.J.",,,0.0,-0.0,0.0,7.0,3.0,1.0,0.0,0.02,-0.0,,,,,
629,"Williams, Ty'Son",,,0.0,0.0,0.0,0.0,5.0,0.0,0.0,0.0,0.0,,,,,
630,"Hogan, Chris",,,0.0,0.0,0.0,4.0,3.0,0.0,0.0,0.0,0.0,,,,,
632,"Rogers, Chester",,,-0.0,-0.0,0.0,0.0,13.0,0.0,0.0,0.0,-0.0,,,,,
633,"Jarwin, Blake",,,0.0,0.0,0.0,1.0,5.0,0.0,0.0,0.0,0.0,,,,,
635,"Benson, Trinity",,,0.0,0.0,0.0,0.0,5.0,0.0,0.0,0.0,0.0,,,,,
658,"Finley, Ryan",,,0.0,0.0,0.0,2.0,0.0,0.0,0.0,0.0,0.0,,,,,
659,"Zylstra, Brandon",,,0.0,0.0,0.0,3.0,8.0,0.0,0.0,0.0,0.0,,,,,
661,"Edwards, Bryan",,,0.0,-0.0,0.0,8.0,12.0,3.0,0.0,0.06,-0.0,,,,,
666,"Ingram, Mark",,,1.0,0.0,2.0,9.0,14.0,10.0,0.0,0.2,0.0,,,,,
667,"Jackson, Deon",,,1.0,-0.0,3.0,0.0,2.0,7.0,1.0,0.18,-0.0,,,,,
668,"Johnson, Marcus",,,0.0,-0.0,1.0,6.0,3.0,3.0,0.0,0.06,-0.0,,,,,
669,"Kroft, Tyler",,,0.0,-0.0,0.0,6.0,7.0,4.0,0.0,0.08,-0.0,,,,,
674,"Siemian, Trevor",,,1.0,-0.0,3.0,0.0,5.0,1.0,2.0,0.1,-0.0,,,,,
677,"Watkins, Sammy",,,1.0,-0.0,2.0,10.0,8.0,7.0,0.0,0.14,-0.0,,,,,
679,"Ebner, Trestan",,,0.0,-0.0,0.0,0.0,0.0,2.0,0.0,0.04,-0.0,,,,,
686,"Howard, O.J.",,,1.0,-0.0,2.0,4.0,7.0,7.0,0.0,0.14,-0.0,,,,,
690,"Callaway, Marquez",,,1.0,-0.0,1.0,6.0,16.0,8.0,0.0,0.16,-0.0,,,,,
693,"McKissic, J.D.",,,1.0,-0.0,2.0,15.0,9.0,7.0,0.0,0.14,-0.0,,,,,
695,"Myarick, Chris",,,0.0,-0.0,1.0,0.0,2.0,6.0,0.0,0.12,-0.0,,,,,
696,"Perriman, Breshad",,,0.0,-0.0,1.0,11.0,4.0,4.0,0.0,0.08,-0.0,,,,,
700,"Washington, Dwayne",,,0.0,-0.0,0.0,0.0,2.0,3.0,0.0,0.06,-0.0,,,,,
701,"Williams, Darrel",,,0.0,-0.0,1.0,11.0,15.0,3.0,0.0,0.06,-0.0,,,,,
702,"Gonzalez, Zane",,,0.0,0.0,0.0,12.0,12.0,0.0,0.0,0.0,0.0,,,,,
704,"Sanders, Emmanuel",,,0.0,0.0,0.0,14.0,13.0,0.0,0.0,0.0,0.0,,,,,
705,"Fuller, Will",,,0.0,0.0,0.0,10.0,2.0,0.0,0.0,0.0,0.0,,,,,
706,"Lindsay, Phillip",,,0.0,-0.0,1.0,10.0,8.0,2.0,0.0,0.04,-0.0,,,,,
707,"Coutee, Keke",,,0.0,-0.0,0.0,8.0,1.0,1.0,0.0,0.02,-0.0,,,,,
708,"White, James",,,0.0,0.0,0.0,14.0,2.0,0.0,0.0,0.0,0.0,,,,,
709,"Ballage, Kalen",,,0.0,0.0,0.0,11.0,3.0,0.0,0.0,0.0,0.0,,,,,
710,"Doyle, Jack",,,0.0,0.0,0.0,10.0,12.0,0.0,0.0,0.0,0.0,,,,,
711,"Fitzgerald, Larry",,,0.0,0.0,0.0,13.0,0.0,0.0,0.0,0.0,0.0,,,,,
712,"Higgins, Rashard",,,0.0,0.0,0.0,12.0,9.0,0.0,0.0,0.0,0.0,,,,,
713,"Witten, Jason",,,0.0,0.0,0.0,9.0,0.0,0.0,0.0,0.0,0.0,,,,,
715,"Brown, Antonio",,,0.0,0.0,0.0,8.0,7.0,0.0,0.0,0.0,0.0,,,,,
716,"Izzo, Ryan",,,0.0,0.0,0.0,8.0,0.0,0.0,0.0,0.0,0.0,,,,,
719,"Bernard, Giovani",,,0.0,0.0,0.0,15.0,10.0,0.0,0.0,0.0,0.0,,,,,
720,"Eifert, Tyler",,,0.0,0.0,0.0,14.0,0.0,0.0,0.0,0.0,0.0,,,,,
721,"Firkser, Anthony",,,0.0,-0.0,1.0,14.0,14.0,6.0,0.0,0.12,-0.0,,,,,
722,"Ridley, Riley",,,0.0,0.0,0.0,2.0,0.0,0.0,0.0,0.0,0.0,,,,,
723,"Burton, Trey",,,0.0,0.0,0.0,11.0,0.0,0.0,0.0,0.0,0.0,,,,,
724,"Herndon, IV",,,0.0,0.0,0.0,10.0,4.0,0.0,0.0,0.0,0.0,,,,,
725,"Blankenship, Rodrigo",,,0.0,-0.0,1.0,16.0,5.0,2.0,0.0,0.04,-0.0,,,,,
726,"Roethlisberger, Ben",,,0.0,0.0,0.0,15.0,15.0,0.0,0.0,0.0,0.0,,,,,
727,"Brown, Jonathan",,,0.0,0.0,0.0,1.0,0.0,0.0,0.0,0.0,0.0,,,,,
728,"Gostkowski, Stephen",,,0.0,0.0,0.0,14.0,0.0,0.0,0.0,0.0,0.0,,,,,
729,"Sloman, Samuel",,,0.0,0.0,0.0,8.0,0.0,0.0,0.0,0.0,0.0,,,,,
730,"Bailey, Dan",,,0.0,0.0,0.0,15.0,0.0,0.0,0.0,0.0,0.0,,,,,
731,"Parkey, Cody",,,0.0,0.0,0.0,15.0,1.0,0.0,0.0,0.0,0.0,,,,,
732,"Ficken, Sam",,,0.0,0.0,0.0,7.0,0.0,0.0,0.0,0.0,0.0,,,,,
733,"Rivers, Philip",,,0.0,0.0,0.0,16.0,0.0,0.0,0.0,0.0,0.0,,,,,
734,"Newton, Cam",,,0.0,0.0,0.0,15.0,6.0,0.0,0.0,0.0,0.0,,,,,
736,"Ebron, Eric",,,0.0,0.0,0.0,14.0,6.0,0.0,0.0,0.0,0.0,,,,,
737,"Hyde, Carlos",,,0.0,0.0,0.0,10.0,9.0,0.0,0.0,0.0,0.0,,,,,
738,"Davis, Mike",,,0.0,-0.0,0.0,14.0,16.0,2.0,0.0,0.04,-0.0,,,,,
742,"Rodgers, Richard",,,0.0,-0.0,0.0,8.0,0.0,1.0,0.0,0.02,-0.0,,,,,
743,"Smith, Alex",,,0.0,0.0,0.0,8.0,0.0,0.0,0.0,0.0,0.0,,,,,
744,"Bell, Le'Veon",,,0.0,0.0,0.0,10.0,4.0,0.0,0.0,0.0,0.0,,,,,
747,"Johnson, Kerryon",,,0.0,0.0,0.0,12.0,0.0,0.0,0.0,0.0,0.0,,,,,
753,"Clement, Corey",,,0.0,-0.0,0.0,5.0,3.0,3.0,0.0,0.06,-0.0,,,,,
757,"Brate, Cameron",,,1.0,-0.0,1.0,12.0,14.0,9.0,0.0,0.18,-0.0,,,,,
758,"Jackson, DeSean",,,0.0,-0.0,1.0,5.0,12.0,6.0,0.0,0.12,-0.0,,,,,
759,"Brown, Malcolm",,,0.0,-0.0,1.0,15.0,6.0,6.0,0.0,0.12,-0.0,,,,,
760,"Cole, Keelan",,,1.0,-0.0,1.0,16.0,12.0,6.0,0.0,0.12,-0.0,,,,,
761,"Davis, Corey",,,2.0,0.0,3.0,12.0,9.0,11.0,0.0,0.22,0.0,,,,,
768,"Hinton, Kendall",,,1.0,0.0,2.0,0.0,8.0,10.0,0.0,0.2,0.0,,,,,
770,"McCoy, Colt",,,1.0,-0.0,2.0,3.0,3.0,4.0,0.0,0.08,-0.0,,,,,
772,"Goodwin, Marquise",,,2.0,0.0,4.0,0.0,9.0,10.0,4.0,0.35,0.0,,,,,
775,"Mack, Marlon",,,1.0,-0.0,2.0,1.0,4.0,5.0,0.0,0.1,-0.0,,,,,
776,"Rodgers, Amari",,,1.0,-0.0,1.0,0.0,3.0,7.0,0.0,0.14,-0.0,,,,,
780,"Brightwell, Gary",,,1.0,0.0,1.0,0.0,1.0,4.0,3.0,0.2,0.0,,,,,
782,"Jackson, Justin",,,1.0,-0.0,2.0,6.0,10.0,9.0,0.0,0.18,-0.0,,,,,
783,"Gage, Russell",,,2.0,0.0,4.0,16.0,10.0,12.0,0.0,0.24,0.0,,,,,
784,"Smith, Shi",,,1.0,-0.0,2.0,0.0,2.0,11.0,0.0,0.22,-0.0,,,,,
786,"Chosen, Robbie",,,2.0,0.0,4.0,16.0,15.0,8.0,3.0,0.27,0.0,,,,,
792,"Eberle, Dominik",,,0.0,-0.0,0.0,0.0,1.0,1.0,0.0,0.02,-0.0,,,,,
793,"Snell, Benjamin",,,0.0,-0.0,1.0,12.0,4.0,2.0,0.0,0.04,-0.0,,,,,
804,"Hilliard, Dontrell",,,1.0,-0.0,3.0,2.0,6.0,10.0,0.0,0.2,-0.0,,,,,
805,"Huntley, Caleb",,,1.0,-0.0,2.0,0.0,0.0,10.0,0.0,0.2,-0.0,,,,,
809,"Watt, Derek",,,0.0,-0.0,1.0,0.0,3.0,4.0,0.0,0.08,-0.0,,,,,
813,"Anderson, Stephen",,,0.0,-0.0,0.0,3.0,9.0,2.0,0.0,0.04,-0.0,,,,,
815,"Arnold, Dan",,,0.0,0.0,1.0,14.0,10.0,9.0,0.0,0.18,0.0,,,,,
816,"Benjamin, Eno",,,2.0,-0.0,3.0,0.0,4.0,10.0,0.0,0.2,-0.0,,,,,
818,"Burkhead, Rex",,,1.0,0.0,2.0,10.0,10.0,13.0,0.0,0.25,0.0,,,,,
821,"Drake, Kenyan",,,2.0,-0.0,4.0,15.0,11.0,8.0,1.0,0.2,-0.0,,,,,
825,"Hopkins, Brycen",,,1.0,-0.0,1.0,0.0,1.0,5.0,3.0,0.22,-0.0,,,,,
827,"Johnson, Jakob",,,0.0,-0.0,0.0,6.0,3.0,4.0,1.0,0.12,-0.0,,,,,
833,"Johnson, Duke",,,0.0,0.0,0.0,11.0,4.0,0.0,0.0,0.0,0.0,,,,,
834,"Hilton, T.Y.",,,0.0,-0.0,1.0,15.0,9.0,2.0,0.0,0.04,-0.0,,,,,
835,"Scarbrough, Bo",,,0.0,0.0,0.0,1.0,0.0,0.0,0.0,0.0,0.0,,,,,
836,"White, Kevin",,,0.0,-0.0,1.0,0.0,1.0,2.0,0.0,0.04,-0.0,,,,,
841,"Wesco, Trevon",,,0.0,-0.0,1.0,1.0,2.0,3.0,1.0,0.1,-0.0,,,,,
844,"Michel, Sony",,,0.0,-0.0,1.0,8.0,13.0,7.0,0.0,0.14,-0.0,,,,,
846,"Bertolet, Taylor",,,0.0,-0.0,1.0,0.0,0.0,2.0,0.0,0.04,-0.0,,,,,
847,"Bolden, Brandon",,,1.0,-0.0,2.0,0.0,13.0,5.0,2.0,0.18,-0.0,,,,,
850,"Hill, Kylin",,,0.0,0.0,0.0,0.0,2.0,0.0,0.0,0.0,0.0,,,,,
853,"Vaughn, Ke'Shawn",,,0.0,-0.0,0.0,3.0,4.0,2.0,1.0,0.08,-0.0,,,,,
855,"Ammendola, Matt",,,1.0,0.0,2.0,0.0,8.0,4.0,4.0,0.24,0.0,,,,,
856,"Lambo, Josh",,,0.0,-0.0,0.0,4.0,1.0,1.0,0.0,0.02,-0.0,,,,,
858,"Ervin, Tyler",,,0.0,0.0,0.0,7.0,0.0,0.0,0.0,0.0,0.0,,,,,
859,"Wilkins, Jordan",,,0.0,-0.0,1.0,10.0,0.0,3.0,0.0,0.06,-0.0,,,,,
860,"Nall, Ryan",,,0.0,0.0,0.0,5.0,1.0,0.0,0.0,0.0,0.0,,,,,
861,"Shaheen, Adam",,,0.0,0.0,0.0,9.0,6.0,0.0,0.0,0.0,0.0,,,,,
862,"Smith, Kaden",,,0.0,0.0,0.0,13.0,2.0,0.0,0.0,0.0,0.0,,,,,
863,"Armah, Alex",,,0.0,-0.0,0.0,4.0,2.0,0.0,2.0,0.08,-0.0,,,,,
865,"Boyle, Nick",,,0.0,0.0,0.0,8.0,1.0,0.0,0.0,0.0,0.0,,,,,
866,"Bray, Tyler",,,0.0,0.0,0.0,0.0,0.0,0.0,0.0,0.0,0.0,,,,,
867,"Gabbert, Blaine",,,-0.0,-0.0,0.0,1.0,0.0,0.0,0.0,0.0,-0.0,,,,,
868,"Castillo, Sergio",,,0.0,0.0,0.0,5.0,0.0,0.0,0.0,0.0,0.0,,,,,
870,"Miller, Lamar",,,0.0,0.0,0.0,1.0,0.0,0.0,0.0,0.0,0.0,,,,,
871,"Nabers, Gabe",,,0.0,0.0,0.0,5.0,2.0,0.0,0.0,0.0,0.0,,,,,
872,"Penny, Elijhaa",,,0.0,0.0,0.0,2.0,6.0,0.0,0.0,0.0,0.0,,,,,
873,"Pierce, Artavis",,,0.0,0.0,0.0,1.0,0.0,0.0,0.0,0.0,0.0,,,,,
874,"Stills, Kenny",,,0.0,0.0,0.0,6.0,4.0,0.0,0.0,0.0,0.0,,,,,
875,"Washington, DeAndre",,,0.0,0.0,0.0,3.0,0.0,0.0,0.0,0.0,0.0,,,,,
876,"Harris, Dwayne",,,0.0,0.0,0.0,0.0,0.0,0.0,0.0,0.0,0.0,,,,,
882,"Daniel, Chase",,,0.0,-0.0,0.0,4.0,0.0,1.0,0.0,0.02,-0.0,,,,,
885,"Cabinda, Jason",,,0.0,-0.0,0.0,2.0,4.0,1.0,0.0,0.02,-0.0,,,,,
886,"Cooper, Pharoh",,,0.0,0.0,0.0,3.0,3.0,0.0,0.0,0.0,0.0,,,,,
888,"Igwebuike, Godwin",,,0.0,-0.0,0.0,0.0,5.0,1.0,0.0,0.02,-0.0,,,,,
889,"Hauschka, Stephen",,,0.0,0.0,0.0,0.0,0.0,0.0,0.0,0.0,0.0,,,,,
890,"Williams, Jonathan",,,0.0,-0.0,1.0,1.0,3.0,4.0,0.0,0.08,-0.0,,,,,
891,"Gilbert, Garrett",,,0.0,0.0,0.0,1.0,1.0,0.0,0.0,0.0,0.0,,,,,
892,"Williams, Preston",,,0.0,0.0,0.0,8.0,4.0,0.0,0.0,0.0,0.0,,,,,
893,"Graham, Jimmy",,,1.0,0.0,2.0,14.0,8.0,0.0,4.0,0.16,0.0,,,,,
894,"Daniels, Darrell",,,0.0,0.0,0.0,6.0,1.0,0.0,0.0,0.0,0.0,,,,,
895,"Hill, Josh",,,0.0,0.0,0.0,7.0,0.0,0.0,0.0,0.0,0.0,,,,,
896,"Howard, Jordan",,,0.0,0.0,0.0,5.0,7.0,0.0,0.0,0.0,0.0,,,,,
897,"Thompson, Chris",,,0.0,0.0,0.0,6.0,0.0,0.0,0.0,0.0,0.0,,,,,
898,"Griffin, Ryan",,,0.0,-0.0,0.0,4.0,14.0,4.0,0.0,0.08,-0.0,,,,,
899,"Rountree, Larry",,,0.0,-0.0,0.0,0.0,4.0,1.0,0.0,0.02,-0.0,,,,,
902,"Hart, Penny",,,0.0,-0.0,0.0,1.0,5.0,3.0,0.0,0.06,-0.0,,,,,
911,"Johnson, David",,,0.0,-0.0,0.0,12.0,10.0,2.0,0.0,0.04,-0.0,,,,,
917,"McSorley, Trace",,,0.0,-0.0,0.0,1.0,0.0,4.0,0.0,0.08,-0.0,,,,,
918,"Blough, David",,,0.0,-0.0,1.0,1.0,0.0,1.0,0.0,0.02,-0.0,,,,,
921,"Fumagalli, Troy",,,0.0,0.0,0.0,3.0,0.0,0.0,0.0,0.0,0.0,,,,,
922,"Lewis, Dion",,,0.0,0.0,0.0,12.0,0.0,0.0,0.0,0.0,0.0,,,,,
923,"Beebe, Chad",,,0.0,0.0,0.0,9.0,0.0,0.0,0.0,0.0,0.0,,,,,
925,"Callaway, Antonio",,,0.0,0.0,0.0,2.0,0.0,0.0,0.0,0.0,0.0,,,,,
926,"Carrier, Derek",,,0.0,0.0,0.0,1.0,1.0,0.0,0.0,0.0,0.0,,,,,
928,"Ellefson, Ben",,,0.0,-0.0,0.0,2.0,0.0,2.0,0.0,0.04,-0.0,,,,,
929,"Grant, Jakeem",,,0.0,0.0,0.0,13.0,5.0,0.0,0.0,0.0,0.0,,,,,
930,"Hall, Marvin",,,0.0,0.0,0.0,9.0,1.0,0.0,0.0,0.0,0.0,,,,,
932,"Harris, DeMichael",,,0.0,0.0,0.0,5.0,0.0,0.0,0.0,0.0,0.0,,,,,
933,"Hill, Brian",,,0.0,0.0,0.0,16.0,0.0,0.0,0.0,0.0,0.0,,,,,
934,"Hollister, Jacob",,,0.0,0.0,0.0,13.0,4.0,0.0,0.0,0.0,0.0,,,,,
935,"Moncrief, Donte",,,0.0,0.0,0.0,1.0,0.0,0.0,0.0,0.0,0.0,,,,,
936,"Peterson, Adrian",,,0.0,0.0,0.0,16.0,4.0,0.0,0.0,0.0,0.0,,,,,
937,"Pope, Troymaine",,,0.0,0.0,0.0,2.0,0.0,0.0,0.0,0.0,0.0,,,,,
938,"Ruggs, Henry",,,0.0,0.0,0.0,12.0,7.0,0.0,0.0,0.0,0.0,,,,,
939,"Washington, James",,,0.0,0.0,0.0,12.0,11.0,0.0,0.0,0.0,0.0,,,,,
941,"Cook, Jared",,,0.0,0.0,0.0,13.0,15.0,0.0,0.0,0.0,0.0,,,,,
942,"Erickson, Alex",,,1.0,0.0,3.0,5.0,3.0,0.0,7.0,0.27,0.0,,,,,
943,"Amendola, Danny",,,0.0,0.0,0.0,14.0,6.0,0.0,0.0,0.0,0.0,,,,,
944,"Booker, Devontae",,,0.0,0.0,0.0,13.0,15.0,0.0,0.0,0.0,0.0,,,,,
945,"Bell, Blake",,,1.0,-0.0,1.0,8.0,7.0,1.0,2.0,0.1,-0.0,,,,,
946,"Williams, Maxx",,,0.0,-0.0,0.0,5.0,4.0,2.0,0.0,0.04,-0.0,,,,,
947,"Gronkowski, Rob",,,0.0,0.0,0.0,15.0,10.0,0.0,0.0,0.0,0.0,,,,,
948,"Barber, Peyton",,,0.0,0.0,0.0,11.0,7.0,0.0,0.0,0.0,0.0,,,,,
949,"Batson, Cameron",,,0.0,0.0,0.0,7.0,3.0,0.0,0.0,0.0,0.0,,,,,
950,"Blake, Christian",,,0.0,0.0,0.0,6.0,3.0,0.0,0.0,0.0,0.0,,,,,
952,"Bryant, Dez",,,0.0,0.0,0.0,3.0,0.0,0.0,0.0,0.0,0.0,,,,,
954,"Fells, Darren",,,0.0,0.0,0.0,10.0,3.0,0.0,0.0,0.0,0.0,,,,,
955,"Fitzpatrick, Ryan",,,0.0,0.0,0.0,9.0,0.0,0.0,0.0,0.0,0.0,,,,,
956,"Gurley, Todd",,,0.0,0.0,0.0,15.0,0.0,0.0,0.0,0.0,0.0,,,,,
957,"Sternberger, Jace",,,0.0,0.0,0.0,6.0,0.0,0.0,0.0,0.0,0.0,,,,,
959,"Jones, II",,,0.0,-0.0,0.0,14.0,13.0,1.0,0.0,0.02,-0.0,,,,,
960,"Landry, Jarvis",,,1.0,-0.0,3.0,15.0,11.0,8.0,0.0,0.16,-0.0,,,,,
961,"Olsen, Greg",,,0.0,0.0,0.0,9.0,0.0,0.0,0.0,0.0,0.0,,,,,
962,"Perry, Malcolm",,,0.0,0.0,0.0,6.0,0.0,0.0,0.0,0.0,0.0,,,,,
963,"Rudolph, Kyle",,,0.0,-0.0,0.0,10.0,12.0,2.0,0.0,0.04,-0.0,,,,,
964,"Smith, Rodney",,,0.0,0.0,0.0,7.0,1.0,0.0,0.0,0.0,0.0,,,,,
965,"Snead, Willie",,,0.0,-0.0,0.0,11.0,4.0,0.0,2.0,0.08,-0.0,,,,,
967,"Fulgham, Travis",,,0.0,0.0,0.0,11.0,0.0,0.0,0.0,0.0,0.0,,,,,
968,"James, Jesse",,,0.0,0.0,0.0,11.0,3.0,0.0,0.0,0.0,0.0,,,,,
969,"Shepherd, Darrius",,,0.0,0.0,0.0,4.0,0.0,0.0,0.0,0.0,0.0,,,,,
970,"Johnson, Olabisi",,,0.0,0.0,0.0,6.0,0.0,0.0,0.0,0.0,0.0,,,,,
971,"Beasley, Cole",,,0.0,-0.0,0.0,15.0,15.0,4.0,0.0,0.08,-0.0,,,,,
973,"Collins, Alex",,,0.0,0.0,0.0,2.0,10.0,0.0,0.0,0.0,0.0,,,,,
974,"Brees, Drew",,,0.0,0.0,0.0,12.0,0.0,0.0,0.0,0.0,0.0,,,,,
975,"Hamilton, DaeSean",,,0.0,0.0,0.0,10.0,0.0,0.0,0.0,0.0,0.0,,,,,
976,"Brown, John",,,0.0,0.0,0.0,7.0,0.0,0.0,0.0,0.0,0.0,,,,,
977,"Reed, Jordan",,,0.0,0.0,0.0,9.0,0.0,0.0,0.0,0.0,0.0,,,,,
978,"Thompson, Colin",,,0.0,0.0,0.0,1.0,0.0,0.0,0.0,0.0,0.0,,,,,
980,"Tate, Golden",,,0.0,0.0,0.0,12.0,0.0,0.0,0.0,0.0,0.0,,,,,
981,"Morris, Alfred",,,0.0,0.0,0.0,7.0,0.0,0.0,0.0,0.0,0.0,,,,,
983,"Foles, Nick",,,0.0,-0.0,0.0,8.0,1.0,2.0,0.0,0.04,-0.0,,,,,
984,"Miller, Anthony",,,0.0,0.0,0.0,15.0,3.0,0.0,0.0,0.0,0.0,,,,,
985,"Walter, Austin",,,0.0,0.0,0.0,1.0,4.0,0.0,0.0,0.0,0.0,,,,,
987,"Luton, Jake",,,0.0,0.0,0.0,3.0,0.0,0.0,0.0,0.0,0.0,,,,,
988,"Gallman, Wayne",,,0.0,0.0,0.0,14.0,3.0,0.0,0.0,0.0,0.0,,,,,
989,"Wright, Isaiah",,,0.0,0.0,0.0,10.0,0.0,0.0,0.0,0.0,0.0,,,,,
990,"Prosise, C.J.",,,0.0,0.0,0.0,3.0,0.0,0.0,0.0,0.0,0.0,,,,,
991,"Keizer, Nick",,,0.0,0.0,0.0,5.0,0.0,0.0,0.0,0.0,0.0,,,,,
992,"Laird, Patrick",,,0.0,0.0,0.0,8.0,3.0,0.0,0.0,0.0,0.0,,,,,
994,"McFarland, Anthony",,,0.0,-0.0,1.0,7.0,1.0,1.0,1.0,0.06,-0.0,,,,,
997,"Ozigbo, Devine",,,0.0,-0.0,0.0,4.0,0.0,1.0,1.0,0.06,-0.0,,,,,
999,"Tate, Auden",,,0.0,0.0,0.0,6.0,3.0,0.0,0.0,0.0,0.0,,,,,
1000,"Smith, Keith",,,0.0,-0.0,0.0,7.0,5.0,1.0,2.0,0.1,-0.0,,,,,
1001,"Ward, Greg",,,0.0,0.0,0.0,16.0,4.0,0.0,0.0,0.0,0.0,,,,,
1002,"Swaim, Geoff",,,1.0,0.0,2.0,4.0,12.0,6.0,6.0,0.35,0.0,,,,,
1003,"Nauta, Isaac",,,0.0,0.0,0.0,1.0,0.0,0.0,0.0,0.0,0.0,,,,,
1004,"Smith, Ito",,,0.0,0.0,0.0,10.0,0.0,0.0,0.0,0.0,0.0,,,,,
1006,"Penny, Rashaad",,,1.0,-1.0,3.0,1.0,6.0,5.0,1.0,0.14,-1.0,,,,,
1010,"Bridgewater, Teddy",,,1.0,-1.0,2.0,15.0,14.0,3.0,0.0,0.06,-1.0,,,,,
1012,"Coleman, Tevin",,,0.0,-1.0,2.0,5.0,10.0,1.0,0.0,0.02,-1.0,,,,,
0,Baltimore RavensBAL,DEF,Baltimore RavensBAL,9.6,8.0,11.2,15,12,16,16,1.0,8.0,3.33,1.04,0.67,0.1,16.96
3,Buffalo BillsBUF,DEF,Buffalo BillsBUF,9.0,6.1,11.8,15,15,15,16,1.0,6.0,3.09,0.98,0.72,0.11,18.23
1,San Francisco 49ersSF,DEF,San Francisco 49ersSF,8.7,6.6,10.9,12,15,16,16,1.0,6.0,2.77,1.23,0.44,0.1,17.04
2,Dallas CowboysDAL,DEF,Dallas CowboysDAL,10.1,6.3,13.9,13,16,16,13,0.88,5.0,2.81,0.94,0.69,0.35,19.29
4,New York JetsNYJ,DEF,New York JetsNYJ,7.9,5.8,10.0,12,14,16,15,0.96,5.0,2.62,0.88,0.5,0.19,21.02
5,New England PatriotsNE,DEF,New England PatriotsNE,7.9,5.7,10.2,14,14,16,15,0.96,5.0,2.54,0.79,0.48,0.25,21.04
6,Kansas City ChiefsKC,DEF,Kansas City ChiefsKC,7.0,5.5,8.5,14,14,16,16,1.0,5.0,3.27,0.54,0.5,0.08,19.17
8,Philadelphia EaglesPHI,DEF,Philadelphia EaglesPHI,7.0,5.4,8.5,14,14,16,15,0.96,5.0,3.12,0.69,0.58,0.17,23.54
14,Tampa Bay BuccaneersTB,DEF,Tampa Bay BuccaneersTB,7.0,4.9,9.1,15,14,15,16,0.98,4.0,2.77,0.75,0.65,0.06,20.38
19,Denver BroncosDEN,DEF,Denver BroncosDEN,6.7,4.6,8.9,14,15,15,14,0.9,4.0,2.35,0.77,0.75,0.08,22.98
18,Minnesota VikingsMIN,DEF,Minnesota VikingsMIN,7.1,4.7,9.5,12,15,13,16,0.94,4.0,2.52,0.73,0.67,0.12,22.46
17,Cincinnati BengalsCIN,DEF,Cincinnati BengalsCIN,6.3,4.7,7.9,12,14,15,15,0.96,4.0,2.3,0.87,0.57,0.09,22.26
15,Indianapolis ColtsIND,DEF,Indianapolis ColtsIND,7.5,4.8,10.2,14,16,14,14,0.88,4.0,2.94,0.79,0.58,0.25,24.56
16,Pittsburgh SteelersPIT,DEF,Pittsburgh SteelersPIT,7.4,4.8,10.0,16,13,15,15,0.94,4.0,2.48,1.04,0.44,0.1,20.0
13,Miami DolphinsMIA,DEF,Miami DolphinsMIA,7.6,4.9,10.3,16,13,14,14,0.88,4.0,3.04,0.71,0.58,0.23,23.6
12,Green Bay PackersGB,DEF,Green Bay PackersGB,6.8,4.9,8.7,14,14,15,16,0.98,4.0,2.35,0.65,0.6,0.15,21.52
11,New Orleans SaintsNO,DEF,New Orleans SaintsNO,7.6,5.0,10.2,15,16,15,14,0.9,4.0,2.33,0.77,0.56,0.15,19.9
10,Jacksonville JaguarsJAX,DEF,Jacksonville JaguarsJAX,7.4,5.0,9.8,12,12,14,15,0.92,4.0,2.23,0.9,0.71,0.15,21.25
9,Houston TexansHOU,DEF,Houston TexansHOU,7.0,5.1,9.0,11,13,14,14,0.88,4.0,2.65,0.88,0.58,0.12,22.02
7,Cleveland BrownsCLE,DEF,Cleveland BrownsCLE,8.2,5.5,10.9,13,12,13,15,0.9,4.0,2.6,0.94,0.58,0.21,21.15
26,Los Angeles RamsLA,DEF,Los Angeles RamsLA,5.1,3.6,6.6,15,13,14,15,0.92,3.0,2.31,0.71,0.29,0.02,22.48
25,Los Angeles ChargersLAC,DEF,Los Angeles ChargersLAC,6.4,3.7,9.2,15,13,15,13,0.85,3.0,2.75,0.6,0.69,0.06,23.4
24,Atlanta FalconsATL,DEF,Atlanta FalconsATL,5.8,3.8,7.7,12,13,14,14,0.88,3.0,2.06,0.54,0.46,0.12,21.23
23,Tennessee TitansTEN,DEF,Tennessee TitansTEN,5.8,3.9,7.6,11,13,13,15,0.9,3.0,2.67,0.46,0.44,0.06,21.52
22,New York GiantsNYG,DEF,New York GiantsNYG,6.7,4.0,9.4,15,14,14,12,0.79,3.0,2.0,0.77,0.73,0.21,23.81
21,Seattle SeahawksSEA,DEF,Seattle SeahawksSEA,6.6,4.1,9.2,15,15,16,14,0.92,3.0,2.75,0.73,0.56,0.17,23.94
20,Las Vegas RaidersLV,DEF,Las Vegas RaidersLV,7.2,4.5,10.0,8,13,13,14,0.85,3.0,2.23,0.62,0.52,0.27,21.27
27,Detroit LionsDET,DEF,Detroit LionsDET,5.7,3.5,7.9,9,11,13,12,0.77,2.0,2.31,0.81,0.48,0.08,24.19
28,Chicago BearsCHI,DEF,Chicago BearsCHI,5.7,3.3,8.1,14,12,11,12,0.73,2.0,1.62,1.19,0.38,0.08,24.12
29,Carolina PanthersCAR,DEF,Carolina PanthersCAR,4.5,2.9,6.2,15,14,15,12,0.81,2.0,1.71,0.54,0.25,0.19,24.6
30,Arizona CardinalsARI,DEF,Arizona CardinalsARI,4.8,2.6,6.9,15,15,14,13,0.83,2.0,2.04,0.69,0.44,0.15,26.65
31,Washington CommandersWAS,DEF,Washington CommandersWAS,4.2,2.2,6.2,0,0,15,11,0.77,1.0,2.5,0.46,0.58,0.04,27.02
32,Washington Football TeamWAS,DEF,Washington Football TeamWAS,0,,,15,14,0,0,0,,0,0,0,0,0
