player_id,name,name_norm,pos,team,bye_week,proj_points,adp,adp_source,espn_ppr_rank,auction_value,percent_owned,injury_status,eligible_pos,snapshot_ts
4429795,Jahmyr Gibbs,jahmyr gibbs,RB,DET,6,366.92,1.84,espn,1,68.8,99.95,ACTIVE,RB,2026-09-28T17:31:09+00:00
3918298,Josh Allen,josh allen,QB,BUF,7,323.24,10.96,espn,26,47.96,99.93,ACTIVE,QB,2026-09-28T17:31:09+00:00
4426515,Puka Nacua,puka nacua,WR,LAR,11,295.28,9.22,espn,4,52.29,99.88,OUT,WR,2026-09-28T17:31:09+00:00
4430878,Jaxon Smith-Njigba,jaxon smith njigba,WR,SEA,11,289.32,4.62,espn,6,67.44,99.93,ACTIVE,WR,2026-09-28T17:31:09+00:00
4242335,Jonathan Taylor,jonathan taylor,RB,IND,13,288.45,7.41,espn,5,53.76,99.9,ACTIVE,RB,2026-09-28T17:31:09+00:00
4374302,Amon-Ra St. Brown,amon ra st brown,WR,DET,6,287.74,8.39,espn,8,56.09,99.93,ACTIVE,WR,2026-09-28T17:31:09+00:00
3916387,Lamar Jackson,lamar jackson,QB,BAL,13,287.2,25.25,espn,44,20.85,99.87,ACTIVE,QB,2026-09-28T17:31:09+00:00
3117251,Christian McCaffrey,christian mccaffrey,RB,SF,8,284.63,9.51,espn,7,50.02,99.92,ACTIVE,RB,2026-09-28T17:31:09+00:00
4430807,Bijan Robinson,bijan robinson,RB,ATL,11,281.5,3.87,espn,2,63.08,99.92,ACTIVE,RB,2026-09-28T17:31:09+00:00
4362628,Ja'Marr Chase,jamarr chase,WR,CIN,6,280.75,5.48,espn,3,57.95,99.92,ACTIVE,WR,2026-09-28T17:31:09+00:00
4567048,Kenneth Walker III,kenneth walker,RB,KC,5,275.33,17.84,espn,28,40.92,99.8,ACTIVE,RB,2026-09-28T17:31:09+00:00
4040715,Jalen Hurts,jalen hurts,QB,PHI,10,268.23,59.59,espn,73,7.71,98.83,ACTIVE,QB,2026-09-28T17:31:09+00:00
4361741,Brock Purdy,brock purdy,QB,SF,8,262.7,80.95,espn,118,3.95,95.63,ACTIVE,QB,2026-09-28T17:31:09+00:00
4262921,Justin Jefferson,justin jefferson,WR,MIN,6,260.92,13.64,espn,11,46.41,99.9,QUESTIONABLE,WR,2026-09-28T17:31:09+00:00
4890973,Ashton Jeanty,ashton jeanty,RB,LV,13,260.68,22.43,espn,17,34.77,99.75,ACTIVE,RB,2026-09-28T17:31:09+00:00
3917315,Kyler Murray,kyler murray,QB,MIN,6,258.28,147.01,espn,149,0.85,60.9,ACTIVE,QB,2026-09-28T17:31:09+00:00
4360689,Tyler Shough,tyler shough,QB,NO,8,258.26,124.63,espn,155,1.61,81.94,ACTIVE,QB,2026-09-28T17:31:09+00:00
3915511,Joe Burrow,joe burrow,QB,CIN,6,256.56,58.7,espn,70,7.29,96.97,ACTIVE,QB,2026-09-28T17:31:09+00:00
3139477,Patrick Mahomes,patrick mahomes,QB,KC,5,256.14,70.57,espn,131,6.05,95.52,ACTIVE,QB,2026-09-28T17:31:09+00:00
4431452,Drake Maye,drake maye,QB,NE,11,256.09,61.11,espn,58,9.57,98.64,ACTIVE,QB,2026-09-28T17:31:09+00:00
3043078,Derrick Henry,derrick henry,RB,BAL,13,254.69,16.54,espn,16,39.6,99.87,ACTIVE,RB,2026-09-28T17:31:09+00:00
2577417,Dak Prescott,dak prescott,QB,DAL,14,254.65,78.41,espn,85,4.42,94.1,ACTIVE,QB,2026-09-28T17:31:09+00:00
4360310,Trevor Lawrence,trevor lawrence,QB,JAX,7,252.57,114.77,espn,113,1.91,87.41,ACTIVE,QB,2026-09-28T17:31:09+00:00
12483,Matthew Stafford,matthew stafford,QB,LAR,11,250.36,107.6,espn,137,2.27,89.68,ACTIVE,QB,2026-09-28T17:31:09+00:00
3046779,Jared Goff,jared goff,QB,DET,6,243.05,131.4,espn,159,1.22,79.48,ACTIVE,QB,2026-09-28T17:31:09+00:00
4362238,Chase Brown,chase brown,RB,CIN,6,242.91,23.93,espn,14,35.94,99.51,ACTIVE,RB,2026-09-28T17:31:09+00:00
4379399,James Cook III,james cook,RB,BUF,7,238.59,13.1,espn,9,46.41,99.9,ACTIVE,RB,2026-09-28T17:31:09+00:00
4426338,Bo Nix,bo nix,QB,DEN,10,236.62,130.81,espn,136,1.62,78.75,ACTIVE,QB,2026-09-28T17:31:09+00:00
4241389,CeeDee Lamb,ceedee lamb,WR,DAL,14,236.22,11.95,espn,10,48.25,99.92,ACTIVE,WR,2026-09-28T17:31:09+00:00
3929630,Saquon Barkley,saquon barkley,RB,PHI,10,235.25,23.16,espn,15,36.64,99.69,ACTIVE,RB,2026-09-28T17:31:09+00:00
4361307,Trey McBride,trey mcbride,TE,ARI,14,235.13,20.89,espn,21,33.41,99.89,ACTIVE,TE,2026-09-28T17:31:09+00:00
4685720,Bryce Young,bryce young,QB,CAR,5,234.01,137.48,espn,320,1.06,76.14,ACTIVE,QB,2026-09-28T17:31:09+00:00
4596448,Bucky Irving,bucky irving,RB,TB,10,233.46,61.25,espn,50,11.45,96.71,ACTIVE,RB,2026-09-28T17:31:09+00:00
4426348,Jayden Daniels,jayden daniels,QB,WSH,7,229.42,70.7,espn,56,9.27,85.33,OUT,QB,2026-09-28T17:31:09+00:00
3052587,Baker Mayfield,baker mayfield,QB,TB,10,228.8,159.72,espn,174,0.38,49.38,OUT,QB,2026-09-28T17:31:09+00:00
4426502,Drake London,drake london,WR,ATL,11,226.82,24.15,espn,18,32.92,99.27,ACTIVE,WR,2026-09-28T17:31:09+00:00
4429160,De'Von Achane,devon achane,RB,MIA,6,226.73,19.8,espn,12,39.0,99.84,OUT,RB,2026-09-28T17:31:09+00:00
4427366,Breece Hall,breece hall,RB,NYJ,13,223.48,40.11,espn,30,22.94,98.95,QUESTIONABLE,RB,2026-09-28T17:31:09+00:00
4361579,Javonte Williams,javonte williams,RB,DAL,14,223.48,41.2,espn,31,22.0,98.93,ACTIVE,RB,2026-09-28T17:31:09+00:00
4361370,Chris Olave,chris olave,WR,NO,8,223.46,25.05,espn,24,32.3,99.63,ACTIVE,WR,2026-09-28T17:31:09+00:00
4036378,Jordan Love,jordan love,QB,GB,11,217.72,157.94,espn,200,0.21,54.9,ACTIVE,QB,2026-09-28T17:31:09+00:00
4432577,C.J. Stroud,c j stroud,QB,HOU,8,217.37,164.34,espn,296,0.15,39.27,ACTIVE,QB,2026-09-28T17:31:09+00:00
4258173,Nico Collins,nico collins,WR,HOU,8,216.26,38.44,espn,23,28.12,98.81,OUT,WR,2026-09-28T17:31:09+00:00
4038941,Justin Herbert,justin herbert,QB,LAC,7,215.99,117.97,espn,97,2.37,84.25,ACTIVE,QB,2026-09-28T17:31:09+00:00
4241478,DeVonta Smith,devonta smith,WR,PHI,10,214.51,35.77,espn,34,20.59,99.31,ACTIVE,WR,2026-09-28T17:31:09+00:00
4429615,Zay Flowers,zay flowers,WR,BAL,13,213.57,46.15,espn,38,19.29,98.46,ACTIVE,WR,2026-09-28T17:31:09+00:00
4569618,Garrett Wilson,garrett wilson,WR,NYJ,13,212.52,40.19,espn,29,23.39,98.86,ACTIVE,WR,2026-09-28T17:31:09+00:00
3912547,Sam Darnold,sam darnold,QB,SEA,11,211.39,161.43,espn,297,0.25,33.95,ACTIVE,QB,2026-09-28T17:31:09+00:00
4432620,Parker Washington,parker washington,WR,JAX,7,211.05,83.99,espn,87,7.7,93.64,ACTIVE,WR,2026-09-28T17:31:09+00:00
4360423,Michael Penix Jr.,michael penix,QB,ATL,11,210.92,169.13,espn,446,0.03,4.2,ACTIVE,QB,2026-09-28T17:31:09+00:00
15864,Geno Smith,geno smith,QB,NYJ,13,209.6,169.35,espn,388,0.04,7.1,ACTIVE,QB,2026-09-28T17:31:09+00:00
4432665,Brock Bowers,brock bowers,TE,LV,13,209.47,29.13,espn,22,29.09,99.78,ACTIVE,TE,2026-09-28T17:31:09+00:00
3122840,Deshaun Watson,deshaun watson,QB,CLE,11,208.28,169.13,espn,391,0.04,7.73,ACTIVE,QB,2026-09-28T17:31:09+00:00
4428331,Rashee Rice,rashee rice,WR,KC,5,208.1,37.98,espn,25,25.19,98.95,ACTIVE,WR,2026-09-28T17:31:09+00:00
4431611,Caleb Williams,caleb williams,QB,CHI,10,207.15,115.72,espn,104,2.54,90.47,OUT,QB,2026-09-28T17:31:09+00:00
3917792,Daniel Jones,daniel jones,QB,IND,13,206.57,166.1,espn,180,0.2,24.87,ACTIVE,QB,2026-09-28T17:31:09+00:00
16800,Davante Adams,davante adams,WR,LAR,11,205.49,43.98,espn,45,16.22,98.93,ACTIVE,WR,2026-09-28T17:31:09+00:00
4241416,Chuba Hubbard,chuba hubbard,RB,CAR,5,205.09,99.32,espn,110,5.03,91.93,ACTIVE,RB,2026-09-28T17:31:09+00:00
2578570,Jacoby Brissett,jacoby brissett,QB,ARI,14,204.66,169.88,espn,322,0.09,4.54,ACTIVE,QB,2026-09-28T17:31:09+00:00
4242512,Malik Willis,malik willis,QB,MIA,6,204.51,168.76,espn,215,0.1,14.26,ACTIVE,QB,2026-09-28T17:31:09+00:00
4870808,Jeremiyah Love,jeremiyah love,RB,ARI,14,204.39,33.34,espn,19,29.34,98.51,ACTIVE,RB,2026-09-28T17:31:09+00:00
4696981,Cam Skattebo,cam skattebo,RB,NYG,8,202.33,53.85,espn,46,13.05,98.01,ACTIVE,RB,2026-09-28T17:31:09+00:00
4426354,George Pickens,george pickens,WR,DAL,14,201.53,33.47,espn,27,25.91,99.36,ACTIVE,WR,2026-09-28T17:31:09+00:00
4248528,Christian Watson,christian watson,WR,GB,11,196.92,87.73,espn,81,7.26,93.07,ACTIVE,WR,2026-09-28T17:31:09+00:00
4569987,Jaylen Warren,jaylen warren,RB,PIT,9,195.57,112.71,espn,88,2.73,89.02,ACTIVE,RB,2026-09-28T17:31:09+00:00
3040151,George Kittle,george kittle,TE,SF,8,192.2,65.67,espn,79,5.6,95.73,ACTIVE,TE,2026-09-28T17:31:09+00:00
4430737,Kyren Williams,kyren williams,RB,LAR,11,191.53,44.19,espn,32,20.69,98.41,ACTIVE,RB,2026-09-28T17:31:09+00:00
8439,Aaron Rodgers,aaron rodgers,QB,PIT,9,191.44,169.35,espn,390,0.09,5.89,ACTIVE,QB,2026-09-28T17:31:09+00:00
3915416,DJ Moore,dj moore,WR,BUF,7,188.63,81.85,espn,52,8.28,95.15,ACTIVE,WR,2026-09-28T17:31:09+00:00
4239993,Tee Higgins,tee higgins,WR,CIN,6,188.23,60.08,espn,42,13.58,96.62,ACTIVE,WR,2026-09-28T17:31:09+00:00
4688380,Cam Ward,cam ward,QB,TEN,9,188.09,169.04,espn,321,0.08,7.76,ACTIVE,QB,2026-09-28T17:31:09+00:00
4685472,Tetairoa McMillan,tetairoa mcmillan,WR,CAR,5,186.45,51.33,espn,36,17.94,98.2,ACTIVE,WR,2026-09-28T17:31:09+00:00
4595348,Malik Nabers,malik nabers,WR,NYG,8,186.3,46.79,espn,33,19.3,98.54,ACTIVE,WR,2026-09-28T17:31:09+00:00
4259545,D'Andre Swift,dandre swift,RB,CHI,10,185.64,59.58,espn,47,13.06,96.36,ACTIVE,RB,2026-09-28T17:31:09+00:00
4372016,Jaylen Waddle,jaylen waddle,WR,DEN,10,183.6,70.96,espn,49,10.19,95.61,ACTIVE,WR,2026-09-28T17:31:09+00:00
4567750,Emeka Egbuka,emeka egbuka,WR,TB,10,182.79,60.15,espn,39,15.55,97.51,ACTIVE,WR,2026-09-28T17:31:09+00:00
4360761,Michael Wilson,michael wilson,WR,ARI,14,182.24,127.07,espn,100,1.84,80.06,ACTIVE,WR,2026-09-28T17:31:09+00:00
4685702,Quinshon Judkins,quinshon judkins,RB,CLE,11,181.58,71.62,espn,40,14.17,95.14,ACTIVE,RB,2026-09-28T17:31:09+00:00
4695883,Jalen Coker,jalen coker,WR,CAR,5,180.1,119.91,espn,152,3.09,88.6,QUESTIONABLE,WR,2026-09-28T17:31:09+00:00
4239996,Travis Etienne Jr.,travis etienne,RB,NO,8,178.95,63.04,espn,35,16.65,96.42,QUESTIONABLE,RB,2026-09-28T17:31:09+00:00
3121422,Terry McLaurin,terry mclaurin,WR,WSH,7,178.23,86.18,espn,51,8.8,92.62,ACTIVE,WR,2026-09-28T17:31:09+00:00
2969939,Jameis Winston,jameis winston,QB,NYG,8,177.96,169.34,espn,478,0.01,3.88,ACTIVE,QB,2026-09-28T17:31:09+00:00
16737,Mike Evans,mike evans,WR,SF,8,177.33,101.51,espn,68,4.68,92.28,QUESTIONABLE,WR,2026-09-28T17:31:09+00:00
4431459,Tyler Warren,tyler warren,TE,IND,13,175.35,54.65,espn,53,10.04,98.74,ACTIVE,TE,2026-09-28T17:31:09+00:00
4035538,David Montgomery,david montgomery,RB,HOU,8,172.12,82.68,espn,60,7.71,95.31,ACTIVE,RB,2026-09-28T17:31:09+00:00
4871023,Carnell Tate,carnell tate,WR,TEN,9,172.07,108.5,espn,67,4.3,85.92,ACTIVE,WR,2026-09-28T17:31:09+00:00
4701936,Matthew Golden,matthew golden,WR,GB,11,169.53,124.62,espn,123,2.37,84.27,ACTIVE,WR,2026-09-28T17:31:09+00:00
4882093,Bhayshul Tuten,bhayshul tuten,RB,JAX,7,168.41,83.37,espn,48,10.06,92.02,ACTIVE,RB,2026-09-28T17:31:09+00:00
4361050,Isaiah Likely,isaiah likely,TE,NYG,8,167.6,106.6,espn,142,2.25,90.94,ACTIVE,TE,2026-09-28T17:31:09+00:00
4685382,Omarion Hampton,omarion hampton,RB,LAC,7,167.35,26.32,espn,13,37.09,99.3,ACTIVE,RB,2026-09-28T17:31:09+00:00
4569173,Rhamondre Stevenson,rhamondre stevenson,RB,NE,11,166.62,109.07,espn,72,3.18,90.74,ACTIVE,RB,2026-09-28T17:31:09+00:00
4429205,Jordan Addison,jordan addison,WR,MIN,6,166.07,140.59,espn,127,1.26,70.69,ACTIVE,WR,2026-09-28T17:31:09+00:00
4685278,Luther Burden III,luther burden,WR,CHI,10,164.31,104.55,espn,64,5.4,89.7,ACTIVE,WR,2026-09-28T17:31:09+00:00
3916148,Tony Pollard,tony pollard,RB,TEN,9,163.33,117.71,espn,75,2.48,85.05,ACTIVE,RB,2026-09-28T17:31:09+00:00
4612826,Ladd McConkey,ladd mcconkey,WR,LAC,7,162.82,65.74,espn,41,14.7,97.0,ACTIVE,WR,2026-09-28T17:31:09+00:00
3042519,Aaron Jones Sr.,aaron jones,RB,MIN,6,161.68,126.98,espn,116,1.74,86.14,ACTIVE,RB,2026-09-28T17:31:09+00:00
15847,Travis Kelce,travis kelce,TE,KC,5,157.24,77.31,espn,122,3.88,94.54,ACTIVE,TE,2026-09-28T17:31:09+00:00
4241985,J.K. Dobbins,j k dobbins,RB,DEN,10,154.84,137.28,espn,120,0.96,79.71,ACTIVE,RB,2026-09-28T17:31:09+00:00
2976212,Stefon Diggs,stefon diggs,WR,WSH,7,154.45,108.2,espn,107,2.61,85.87,ACTIVE,WR,2026-09-28T17:31:09+00:00
4430027,Sam LaPorta,sam laporta,TE,DET,6,154.07,81.46,espn,89,4.12,96.25,ACTIVE,TE,2026-09-28T17:31:09+00:00
3128429,Courtland Sutton,courtland sutton,WR,DEN,10,153.61,117.76,espn,80,2.95,85.51,ACTIVE,WR,2026-09-28T17:31:09+00:00
4688813,Josh Downs,josh downs,WR,IND,13,153.11,137.09,espn,128,1.51,76.93,ACTIVE,WR,2026-09-28T17:31:09+00:00
4385690,Dalton Kincaid,dalton kincaid,TE,BUF,7,152.71,97.17,espn,153,4.43,91.62,ACTIVE,TE,2026-09-28T17:31:09+00:00
4870653,KC Concepcion,kc concepcion,WR,CLE,11,151.91,160.47,espn,165,0.66,55.67,ACTIVE,WR,2026-09-28T17:31:09+00:00
3126486,Deebo Samuel Sr.,deebo samuel,WR,SF,8,150.54,134.99,espn,158,1.15,84.75,ACTIVE,WR,2026-09-28T17:31:09+00:00
3116365,Mark Andrews,mark andrews,TE,BAL,13,150.04,137.33,espn,147,1.06,82.08,ACTIVE,TE,2026-09-28T17:31:09+00:00
3916433,Jakobi Meyers,jakobi meyers,WR,JAX,7,149.74,137.08,espn,111,1.42,69.9,ACTIVE,WR,2026-09-28T17:31:09+00:00
4832800,Denzel Boston,denzel boston,WR,CLE,11,147.94,149.57,espn,207,0.88,72.24,ACTIVE,WR,2026-09-28T17:31:09+00:00
4426388,Jameson Williams,jameson williams,WR,DET,6,147.58,89.36,espn,54,7.03,92.28,ACTIVE,WR,2026-09-28T17:31:09+00:00
4047365,Josh Jacobs,josh jacobs,RB,GB,11,147.56,122.12,espn,92,1.96,84.22,DAY_TO_DAY,RB,2026-09-28T17:31:09+00:00
4047646,A.J. Brown,a j brown,WR,NE,11,146.8,41.29,espn,20,28.61,95.98,INJURY_RESERVE,WR,2026-09-28T17:31:09+00:00
4431299,Rome Odunze,rome odunze,WR,CHI,10,146.6,96.94,espn,55,6.09,90.94,ACTIVE,WR,2026-09-28T17:31:09+00:00
4597500,Adonai Mitchell,adonai mitchell,WR,NYJ,13,146.46,166.85,espn,213,0.14,33.87,OUT,WR,2026-09-28T17:31:09+00:00
5083076,Harold Fannin Jr.,harold fannin,TE,CLE,11,146.24,98.31,espn,76,4.74,88.93,ACTIVE,TE,2026-09-28T17:31:09+00:00
4685512,Jadarian Price,jadarian price,RB,SEA,11,145.89,102.19,espn,62,5.22,91.94,ACTIVE,RB,2026-09-28T17:31:09+00:00
4047650,DK Metcalf,dk metcalf,WR,PIT,9,145.6,107.43,espn,78,3.42,89.08,ACTIVE,WR,2026-09-28T17:31:09+00:00
4569603,Malik Washington,malik washington,WR,MIA,6,145.59,169.06,espn,312,0.09,13.38,ACTIVE,WR,2026-09-28T17:31:09+00:00
4426385,Zach Charbonnet,zach charbonnet,RB,SEA,11,144.8,162.91,espn,170,0.55,50.51,OUT,RB,2026-09-28T17:31:09+00:00
4373678,Khalil Shakir,khalil shakir,WR,BUF,7,142.89,142.71,espn,132,0.99,67.3,ACTIVE,WR,2026-09-28T17:31:09+00:00
3121023,Dallas Goedert,dallas goedert,TE,PHI,10,141.72,136.9,espn,129,1.3,82.42,OUT,TE,2026-09-28T17:31:09+00:00
3953687,Brandon Aubrey,brandon aubrey,K,DAL,14,140.56,73.79,espn,255,3.2,99.57,ACTIVE,K,2026-09-28T17:31:09+00:00
4432710,TreVeyon Henderson,treveyon henderson,RB,NE,11,139.87,100.46,espn,66,4.63,90.75,ACTIVE,RB,2026-09-28T17:31:09+00:00
4575131,Jacory Croskey-Merritt,jacory croskey merritt,RB,WSH,7,139.47,148.66,espn,144,0.87,71.48,ACTIVE,RB,2026-09-28T17:31:09+00:00
4723086,Colston Loveland,colston loveland,TE,CHI,10,138.61,57.67,espn,43,15.25,93.91,ACTIVE,TE,2026-09-28T17:31:09+00:00
5083754,Ryan Flournoy,ryan flournoy,WR,DAL,14,137.7,169.97,espn,303,0.08,3.46,ACTIVE,WR,2026-09-28T17:31:09+00:00
4683062,Xavier Worthy,xavier worthy,WR,KC,5,136.97,138.19,espn,150,1.0,76.59,ACTIVE,WR,2026-09-28T17:31:09+00:00
4035687,Michael Pittman Jr.,michael pittman,WR,PIT,9,134.74,117.46,espn,74,3.02,82.49,ACTIVE,WR,2026-09-28T17:31:09+00:00
4568490,RJ Harvey,rj harvey,RB,DEN,10,134.21,146.32,espn,130,0.82,68.9,ACTIVE,RB,2026-09-28T17:31:09+00:00
3929645,Juwan Johnson,juwan johnson,TE,NO,8,133.79,153.64,espn,181,0.57,55.21,ACTIVE,TE,2026-09-28T17:31:09+00:00
4429025,Quentin Johnston,quentin johnston,WR,LAC,7,133.74,152.14,espn,143,1.17,61.92,ACTIVE,WR,2026-09-28T17:31:09+00:00
4569587,Wan'Dale Robinson,wandale robinson,WR,TEN,9,131.22,129.33,espn,93,1.67,64.4,ACTIVE,WR,2026-09-28T17:31:09+00:00
2473037,Jason Myers,jason myers,K,SEA,11,130.88,109.91,espn,259,1.17,95.32,ACTIVE,K,2026-09-28T17:31:09+00:00
4429096,Blake Corum,blake corum,RB,LAR,11,130.79,142.58,espn,135,1.02,75.27,ACTIVE,RB,2026-09-28T17:31:09+00:00
2971573,Ka'imi Fairbairn,kaimi fairbairn,K,HOU,8,130.04,136.05,espn,265,0.92,92.21,ACTIVE,K,2026-09-28T17:31:09+00:00
4428850,Dontayvion Wicks,dontayvion wicks,WR,PHI,10,129.99,161.33,espn,228,0.37,49.5,ACTIVE,WR,2026-09-28T17:31:09+00:00
4697815,Rachaad White,rachaad white,RB,WSH,7,129.46,138.34,espn,119,1.03,67.49,ACTIVE,RB,2026-09-28T17:31:09+00:00
15818,Keenan Allen,keenan allen,WR,IND,13,128.3,167.6,espn,198,0.07,23.74,ACTIVE,WR,2026-09-28T17:31:09+00:00
4034949,Eddy Pineiro,eddy pineiro,K,SF,8,128.16,147.01,espn,268,0.91,81.97,ACTIVE,K,2026-09-28T17:31:09+00:00
3046439,Hunter Henry,hunter henry,TE,NE,11,127.85,160.01,espn,192,0.21,50.83,ACTIVE,TE,2026-09-28T17:31:09+00:00
4038815,Rico Dowdle,rico dowdle,RB,PIT,9,127.82,134.78,espn,106,1.35,77.53,OUT,RB,2026-09-28T17:31:09+00:00
4574716,Harrison Mevis,harrison mevis,K,LAR,11,126.42,139.34,espn,262,0.95,72.85,ACTIVE,K,2026-09-28T17:31:09+00:00
4428718,Tre Tucker,tre tucker,WR,LV,13,125.02,162.68,espn,219,0.27,42.41,ACTIVE,WR,2026-09-28T17:31:09+00:00
4360569,Jordan Mason,jordan mason,RB,MIN,6,124.03,163.16,espn,160,0.67,56.8,INJURY_RESERVE,RB,2026-09-28T17:31:09+00:00
4243331,Cade Otton,cade otton,TE,TB,10,124.03,170.14,espn,377,0.08,2.91,ACTIVE,TE,2026-09-28T17:31:09+00:00
3055899,Harrison Butker,harrison butker,K,KC,5,123.9,132.21,espn,272,1.09,84.58,ACTIVE,K,2026-09-28T17:31:09+00:00
4572680,Tucker Kraft,tucker kraft,TE,GB,11,123.35,114.43,espn,109,2.11,89.26,ACTIVE,TE,2026-09-28T17:31:09+00:00
5083315,Kenyon Sadiq,kenyon sadiq,TE,NYJ,13,123.35,165.22,espn,226,0.15,33.48,ACTIVE,TE,2026-09-28T17:31:09+00:00
4689936,Jake Bates,jake bates,K,DET,6,122.96,159.2,espn,278,0.72,64.72,ACTIVE,K,2026-09-28T17:31:09+00:00
4837248,Fernando Mendoza,fernando mendoza,QB,LV,13,122.68,168.69,espn,389,0.02,5.1,ACTIVE,QB,2026-09-28T17:31:09+00:00
4362081,Cameron Dicker,cameron dicker,K,LAC,7,122.62,112.03,espn,258,1.12,85.92,ACTIVE,K,2026-09-28T17:31:09+00:00
3117256,Dalton Schultz,dalton schultz,TE,HOU,8,122.37,154.32,espn,305,0.46,67.49,ACTIVE,TE,2026-09-28T17:31:09+00:00
4608686,Kyle Monangai,kyle monangai,RB,CHI,10,121.92,136.29,espn,121,1.18,79.02,ACTIVE,RB,2026-09-28T17:31:09+00:00
4567104,Will Reichard,will reichard,K,MIN,6,121.67,164.84,espn,285,0.17,28.67,ACTIVE,K,2026-09-28T17:31:09+00:00
4697745,Tyler Loop,tyler loop,K,BAL,13,121.6,160.24,espn,279,0.57,54.01,ACTIVE,K,2026-09-28T17:31:09+00:00
4686361,Cam Little,cam little,K,JAX,7,121.25,138.92,espn,275,0.96,85.7,ACTIVE,K,2026-09-28T17:31:09+00:00
3051909,Daniel Carlson,daniel carlson,K,NO,8,121.17,169.44,espn,490,0.01,5.74,ACTIVE,K,2026-09-28T17:31:09+00:00
4431492,Roman Wilson,roman wilson,WR,PIT,9,120.41,169.88,espn,1075,0.0,0.67,ACTIVE,WR,2026-09-28T17:31:09+00:00
4571557,Spencer Shrader,spencer shrader,K,IND,13,120.3,168.39,espn,414,0.05,6.46,ACTIVE,K,2026-09-28T17:31:09+00:00
4869461,Trey Smack,trey smack,K,GB,11,119.82,166.38,espn,413,0.17,29.75,ACTIVE,K,2026-09-28T17:31:09+00:00
4686612,Tre' Harris,tre harris,WR,LAC,7,118.66,170.42,espn,302,0.08,3.36,ACTIVE,WR,2026-09-28T17:31:09+00:00
4360234,Evan McPherson,evan mcpherson,K,CIN,6,118.58,154.25,espn,366,0.61,42.23,ACTIVE,K,2026-09-28T17:31:09+00:00
3150744,Chase McLaughlin,chase mclaughlin,K,TB,10,118.36,162.21,espn,344,0.24,27.47,ACTIVE,K,2026-09-28T17:31:09+00:00
4371733,Kenny Gainwell,kenny gainwell,RB,TB,10,118.05,125.84,espn,90,1.47,72.36,ACTIVE,RB,2026-09-28T17:31:09+00:00
3917232,Tyler Bass,tyler bass,K,BUF,7,117.31,167.18,espn,494,0.08,12.04,ACTIVE,K,2026-09-28T17:31:09+00:00
4570037,Terrance Ferguson,terrance ferguson,TE,LAR,11,116.58,165.52,espn,205,0.15,35.02,ACTIVE,TE,2026-09-28T17:31:09+00:00
4432773,Brian Thomas Jr.,brian thomas,WR,JAX,7,115.84,136.29,espn,117,1.34,76.38,ACTIVE,WR,2026-09-28T17:31:09+00:00
10621,Nick Folk,nick folk,K,ATL,11,115.65,169.05,espn,369,0.02,3.78,ACTIVE,K,2026-09-28T17:31:09+00:00
4036133,T.J. Hockenson,t j hockenson,TE,MIN,6,115.61,162.08,espn,194,0.19,60.84,ACTIVE,TE,2026-09-28T17:31:09+00:00
4242355,Jake Ferguson,jake ferguson,TE,DAL,14,115.18,129.78,espn,138,1.52,80.94,ACTIVE,TE,2026-09-28T17:31:09+00:00
4361432,Romeo Doubs,romeo doubs,WR,NE,11,115.12,154.97,espn,151,1.05,65.25,ACTIVE,WR,2026-09-28T17:31:09+00:00
4869645,Caleb Douglas,caleb douglas,WR,MIA,6,114.87,169.61,espn,214,0.02,24.2,OUT,WR,2026-09-28T17:31:09+00:00
4032473,Rashid Shaheed,rashid shaheed,WR,SEA,11,114.53,162.73,espn,206,0.22,40.87,ACTIVE,WR,2026-09-28T17:31:09+00:00
17427,Cairo Santos,cairo santos,K,CHI,10,114.32,167.46,espn,281,0.16,30.37,ACTIVE,K,2026-09-28T17:31:09+00:00
17372,Chris Boswell,chris boswell,K,PIT,9,113.74,165.74,espn,343,0.13,30.85,ACTIVE,K,2026-09-28T17:31:09+00:00
4430539,Brenton Strange,brenton strange,TE,JAX,7,113.53,168.73,espn,288,0.09,17.97,ACTIVE,TE,2026-09-28T17:31:09+00:00
4428557,Tyjae Spears,tyjae spears,RB,TEN,9,113.31,160.46,espn,154,0.72,47.54,ACTIVE,RB,2026-09-28T17:31:09+00:00
3050478,Jake Elliott,jake elliott,K,PHI,10,112.56,167.19,espn,489,0.03,8.14,ACTIVE,K,2026-09-28T17:31:09+00:00
4249087,Matt Gay,matt gay,K,LV,13,112.15,168.69,espn,502,0.06,1.6,ACTIVE,K,2026-09-28T17:31:09+00:00
4360078,Alec Pierce,alec pierce,WR,IND,13,111.79,136.64,espn,108,1.67,68.0,INJURY_RESERVE,WR,2026-09-28T17:31:09+00:00
5081335,Drew Stevens,drew stevens,K,WSH,7,111.6,169.77,espn,496,0.0,0.53,ACTIVE,K,2026-09-28T17:31:09+00:00
2985659,Wil Lutz,wil lutz,K,DEN,10,111.16,169.31,espn,492,0.03,5.34,ACTIVE,K,2026-09-28T17:31:09+00:00
4360939,Rashod Bateman,rashod bateman,WR,BAL,13,110.78,166.5,espn,227,0.15,34.83,ACTIVE,WR,2026-09-28T17:31:09+00:00
5082424,Dominic Zvada,dominic zvada,K,NYG,8,110.43,169.25,espn,495,0.01,1.87,ACTIVE,K,2026-09-28T17:31:09+00:00
4360248,Kyle Pitts Sr.,kyle pitts,TE,ATL,11,110.02,99.89,espn,77,4.51,88.29,ACTIVE,TE,2026-09-28T17:31:09+00:00
4361411,Pat Freiermuth,pat freiermuth,TE,PIT,9,110.0,168.3,espn,304,0.12,21.71,ACTIVE,TE,2026-09-28T17:31:09+00:00
4568263,Ryan Fitzgerald,ryan fitzgerald,K,CAR,5,108.83,169.22,espn,504,0.01,0.95,ACTIVE,K,2026-09-28T17:31:09+00:00
4363538,Chad Ryland,chad ryland,K,ARI,14,108.5,169.74,espn,507,0.0,0.43,ACTIVE,K,2026-09-28T17:31:09+00:00
4576297,AJ Barner,aj barner,TE,SEA,11,107.53,167.96,espn,319,0.09,4.96,ACTIVE,TE,2026-09-28T17:31:09+00:00
4429059,Woody Marks,woody marks,RB,HOU,8,107.11,160.13,espn,157,0.73,52.24,ACTIVE,RB,2026-09-28T17:31:09+00:00
-16014,Rams D/ST,rams d st,DST,LAR,11,106.58,111.18,espn,240,1.3,84.91,ACTIVE,DST,2026-09-28T17:31:09+00:00
4373626,Tyler Allgeier,tyler allgeier,RB,ARI,14,106.29,168.6,espn,185,0.11,32.86,ACTIVE,RB,2026-09-28T17:31:09+00:00
4682648,Malachi Fields,malachi fields,WR,NYG,8,105.9,169.63,espn,299,0.0,10.32,ACTIVE,WR,2026-09-28T17:31:09+00:00
2973405,Kalif Raymond,kalif raymond,WR,CHI,10,105.41,169.93,espn,984,0.03,10.16,ACTIVE,WR,2026-09-28T17:31:09+00:00
3116165,Chris Godwin Jr.,chris godwin,WR,TB,10,104.9,142.38,espn,124,1.44,69.55,ACTIVE,WR,2026-09-28T17:31:09+00:00
3054850,Alvin Kamara,alvin kamara,RB,NO,8,104.56,159.98,espn,182,0.24,52.34,ACTIVE,RB,2026-09-28T17:31:09+00:00
4569923,Andy Borregales,andy borregales,K,NE,11,104.3,170.04,espn,497,0.08,2.16,ACTIVE,K,2026-09-28T17:31:09+00:00
4686422,Xavier Hutchinson,xavier hutchinson,WR,HOU,8,104.26,169.92,espn,332,0.01,7.11,ACTIVE,WR,2026-09-28T17:31:09+00:00
4258620,Andre Szmyt,andre szmyt,K,CLE,11,104.15,169.62,espn,508,0.0,0.43,ACTIVE,K,2026-09-28T17:31:09+00:00
4569559,Devaughn Vele,devaughn vele,WR,NO,8,103.49,162.18,espn,229,0.53,68.29,ACTIVE,WR,2026-09-28T17:31:09+00:00
4880281,Jordyn Tyson,jordyn tyson,WR,NO,8,102.77,169.14,espn,218,0.1,33.55,INJURY_RESERVE,WR,2026-09-28T17:31:09+00:00
4686728,Gunnar Helm,gunnar helm,TE,TEN,9,102.72,169.63,espn,317,0.08,3.99,ACTIVE,TE,2026-09-28T17:31:09+00:00
4243371,Riley Patterson,riley patterson,K,MIA,6,102.39,169.74,espn,498,0.0,0.36,ACTIVE,K,2026-09-28T17:31:09+00:00
-16034,Texans D/ST,texans d st,DST,HOU,8,101.27,85.23,espn,233,1.68,92.49,ACTIVE,DST,2026-09-28T17:31:09+00:00
-16033,Ravens D/ST,ravens d st,DST,BAL,13,101.1,123.31,espn,241,1.04,73.14,ACTIVE,DST,2026-09-28T17:31:09+00:00
-16026,Seahawks D/ST,seahawks d st,DST,SEA,11,100.23,82.51,espn,238,2.86,98.63,ACTIVE,DST,2026-09-28T17:31:09+00:00
4595342,Oronde Gadsden,oronde gadsden,TE,LAC,7,100.04,170.03,espn,418,0.05,15.8,ACTIVE,TE,2026-09-28T17:31:09+00:00
3124084,Joey Slye,joey slye,K,TEN,9,99.89,169.76,espn,505,0.0,0.58,ACTIVE,K,2026-09-28T17:31:09+00:00
-16007,Broncos D/ST,broncos d st,DST,DEN,10,99.73,103.7,espn,234,1.27,81.72,ACTIVE,DST,2026-09-28T17:31:09+00:00
3116164,Mike Gesicki,mike gesicki,TE,CIN,6,98.26,169.76,espn,419,0.08,8.55,ACTIVE,TE,2026-09-28T17:31:09+00:00
-16016,Vikings D/ST,vikings d st,DST,MIN,6,97.74,154.92,espn,428,0.42,47.1,ACTIVE,DST,2026-09-28T17:31:09+00:00
-16020,Jets D/ST,jets d st,DST,NYJ,13,97.65,168.24,espn,410,0.02,2.59,ACTIVE,DST,2026-09-28T17:31:09+00:00
-16021,Eagles D/ST,eagles d st,DST,PHI,10,97.57,139.89,espn,242,0.86,87.49,ACTIVE,DST,2026-09-28T17:31:09+00:00
4367209,Greg Dulcich,greg dulcich,TE,MIA,6,94.92,170.19,espn,372,0.08,1.82,ACTIVE,TE,2026-09-28T17:31:09+00:00
4869961,Chris Bell,chris bell,WR,MIA,6,94.07,169.98,espn,335,0.0,2.98,ACTIVE,WR,2026-09-28T17:31:09+00:00
4382466,Jalen Nailor,jalen nailor,WR,LV,13,93.75,169.75,espn,220,0.09,8.0,ACTIVE,WR,2026-09-28T17:31:09+00:00
5220680,Ted Hurst III,ted hurst,WR,TB,10,93.61,170.05,espn,397,0.0,1.06,ACTIVE,WR,2026-09-28T17:31:09+00:00
4427095,DeMario Douglas,demario douglas,WR,NE,11,93.37,169.94,espn,336,0.02,2.55,ACTIVE,WR,2026-09-28T17:31:09+00:00
4362249,Jayden Reed,jayden reed,WR,GB,11,91.31,155.14,espn,145,1.11,51.98,OUT,WR,2026-09-28T17:31:09+00:00
-16023,Steelers D/ST,steelers d st,DST,PIT,9,91.2,112.28,espn,235,1.19,89.73,ACTIVE,DST,2026-09-28T17:31:09+00:00
2991662,Mack Hollins,mack hollins,WR,NE,11,89.92,169.88,espn,422,0.0,5.35,ACTIVE,WR,2026-09-28T17:31:09+00:00
4361409,Jahan Dotson,jahan dotson,WR,ATL,11,89.68,170.0,espn,331,0.0,0.88,ACTIVE,WR,2026-09-28T17:31:09+00:00
4883647,Elic Ayomanor,elic ayomanor,WR,TEN,9,88.68,169.9,espn,1102,0.0,0.28,ACTIVE,WR,2026-09-28T17:31:09+00:00
4360635,Chig Okonkwo,chig okonkwo,TE,WSH,7,88.56,169.69,espn,318,0.08,4.15,OUT,TE,2026-09-28T17:31:09+00:00
4685247,Braelon Allen,braelon allen,RB,NYJ,13,88.48,169.3,espn,221,0.03,13.96,ACTIVE,RB,2026-09-28T17:31:09+00:00
2977187,Cooper Kupp,cooper kupp,WR,SEA,11,87.53,166.88,espn,325,0.19,10.53,ACTIVE,WR,2026-09-28T17:31:09+00:00
2576925,Darren Waller,darren waller,TE,CAR,5,87.48,168.47,espn,374,0.07,10.44,ACTIVE,TE,2026-09-28T17:31:09+00:00
3051876,Evan Engram,evan engram,TE,DEN,10,87.41,169.84,espn,416,0.09,4.94,ACTIVE,TE,2026-09-28T17:31:09+00:00
4601080,Raheim Sanders,raheim sanders,RB,CLE,11,87.17,169.87,espn,1418,0.01,0.56,ACTIVE,RB,2026-09-28T17:31:09+00:00
4635008,Keon Coleman,keon coleman,WR,BUF,7,86.66,169.05,espn,361,0.02,6.07,ACTIVE,WR,2026-09-28T17:31:09+00:00
-16004,Bengals D/ST,bengals d st,DST,CIN,6,85.91,161.39,espn,429,0.23,37.11,ACTIVE,DST,2026-09-28T17:31:09+00:00
4432708,Marvin Harrison Jr.,marvin harrison,WR,ARI,14,85.7,113.31,espn,69,3.55,78.87,ACTIVE,WR,2026-09-28T17:31:09+00:00
5123663,Isaac TeSlaa,isaac teslaa,WR,DET,6,85.22,169.52,espn,362,0.03,1.94,ACTIVE,WR,2026-09-28T17:31:09+00:00
4040655,Darnell Mooney,darnell mooney,WR,NYG,8,82.53,170.05,espn,409,0.04,1.68,ACTIVE,WR,2026-09-28T17:31:09+00:00
14880,Kirk Cousins,kirk cousins,QB,LV,13,82.44,168.02,espn,432,0.05,10.22,ACTIVE,QB,2026-09-28T17:31:09+00:00
-16017,Patriots D/ST,patriots d st,DST,NE,11,82.2,144.6,espn,246,0.95,62.92,ACTIVE,DST,2026-09-28T17:31:09+00:00
-16012,Chiefs D/ST,chiefs d st,DST,KC,5,81.55,152.98,espn,251,0.34,66.57,ACTIVE,DST,2026-09-28T17:31:09+00:00
5081432,Antonio Williams,antonio williams,WR,WSH,7,81.34,169.96,espn,337,0.02,8.65,ACTIVE,WR,2026-09-28T17:31:09+00:00
4600981,Pat Bryant,pat bryant,WR,DEN,10,81.06,170.49,espn,380,0.06,3.11,ACTIVE,WR,2026-09-28T17:31:09+00:00
4430034,Xavier Legette,xavier legette,WR,CAR,5,80.79,169.81,espn,330,0.0,1.49,OUT,WR,2026-09-28T17:31:09+00:00
4241457,Najee Harris,najee harris,RB,NYG,8,80.49,169.07,espn,232,0.01,6.03,ACTIVE,RB,2026-09-28T17:31:09+00:00
4241474,Brian Robinson Jr.,brian robinson,RB,ATL,11,80.14,165.93,espn,203,0.78,21.58,ACTIVE,RB,2026-09-28T17:31:09+00:00
3886598,Jauan Jennings,jauan jennings,WR,MIN,6,80.07,170.05,espn,298,0.05,4.98,ACTIVE,WR,2026-09-28T17:31:09+00:00
4870795,Makai Lemon,makai lemon,WR,PHI,10,78.61,150.75,espn,141,1.02,52.59,ACTIVE,WR,2026-09-28T17:31:09+00:00
-16030,Jaguars D/ST,jaguars d st,DST,JAX,7,77.79,167.91,espn,363,0.12,25.21,ACTIVE,DST,2026-09-28T17:31:09+00:00
4429086,Michael Mayer,michael mayer,TE,LV,13,77.76,169.54,espn,421,0.0,15.92,ACTIVE,TE,2026-09-28T17:31:09+00:00
4596334,Keaton Mitchell,keaton mitchell,RB,LAC,7,76.12,169.85,espn,190,0.07,15.57,ACTIVE,RB,2026-09-28T17:31:09+00:00
4696044,Kaelon Black,kaelon black,RB,SF,8,76.03,168.23,espn,292,0.11,43.82,ACTIVE,RB,2026-09-28T17:31:09+00:00
2576581,Chris Moore,chris moore,WR,BAL,13,75.51,169.86,espn,1591,0.0,0.43,ACTIVE,WR,2026-09-28T17:31:09+00:00
-16025,49ers D/ST,49ers d st,DST,SF,8,75.15,156.19,espn,411,0.31,75.45,ACTIVE,DST,2026-09-28T17:31:09+00:00
3116389,Samaje Perine,samaje perine,RB,CIN,6,74.77,169.45,espn,199,0.01,8.82,ACTIVE,RB,2026-09-28T17:31:09+00:00
-16018,Saints D/ST,saints d st,DST,NO,8,74.5,168.91,espn,364,0.02,6.18,ACTIVE,DST,2026-09-28T17:31:09+00:00
-16005,Browns D/ST,browns d st,DST,CLE,11,73.93,158.75,espn,244,0.76,32.43,ACTIVE,DST,2026-09-28T17:31:09+00:00
3045523,Kendrick Bourne,kendrick bourne,WR,ARI,14,72.6,169.96,espn,983,0.0,2.38,ACTIVE,WR,2026-09-28T17:31:09+00:00
3043116,Demarcus Robinson,demarcus robinson,WR,SF,8,72.52,169.83,espn,1137,0.0,1.85,INJURY_RESERVE,WR,2026-09-28T17:31:09+00:00
4038441,Justice Hill,justice hill,RB,BAL,13,72.04,169.22,espn,289,0.01,13.86,ACTIVE,RB,2026-09-28T17:31:09+00:00
4362921,Tyquan Thornton,tyquan thornton,WR,KC,5,71.47,169.32,espn,338,0.01,1.36,ACTIVE,WR,2026-09-28T17:31:09+00:00
4832955,Emmett Johnson,emmett johnson,RB,KC,5,69.49,167.92,espn,345,0.14,23.51,ACTIVE,RB,2026-09-28T17:31:09+00:00
4429022,Kayshon Boutte,kayshon boutte,WR,HOU,8,69.25,170.06,espn,311,0.08,12.34,ACTIVE,WR,2026-09-28T17:31:09+00:00
-16006,Cowboys D/ST,cowboys d st,DST,DAL,14,69.2,167.93,espn,425,0.02,6.86,ACTIVE,DST,2026-09-28T17:31:09+00:00
4372780,Tommy Tremble,tommy tremble,TE,CAR,5,67.73,169.8,espn,1005,0.0,0.16,ACTIVE,TE,2026-09-28T17:31:09+00:00
4569371,Isaiah Williams,isaiah williams,WR,NYJ,13,67.47,169.86,espn,1057,0.0,1.65,ACTIVE,WR,2026-09-28T17:31:09+00:00
-16011,Colts D/ST,colts d st,DST,IND,13,67.18,169.57,espn,427,0.01,1.4,ACTIVE,DST,2026-09-28T17:31:09+00:00
4362619,Chris Rodriguez Jr.,chris rodriguez,RB,JAX,7,66.49,168.67,espn,179,0.17,19.21,ACTIVE,RB,2026-09-28T17:31:09+00:00
-16013,Raiders D/ST,raiders d st,DST,LV,13,66.28,167.41,espn,524,0.03,4.81,ACTIVE,DST,2026-09-28T17:31:09+00:00
4819231,Kaleb Johnson,kaleb johnson,RB,GB,11,65.9,169.87,espn,385,0.0,8.66,ACTIVE,RB,2026-09-28T17:31:09+00:00
3915411,Ty Johnson,ty johnson,RB,BUF,7,65.22,169.64,espn,323,0.01,1.44,ACTIVE,RB,2026-09-28T17:31:09+00:00
4241463,Jerry Jeudy,jerry jeudy,WR,CLE,11,64.68,168.83,espn,208,0.09,17.49,ACTIVE,WR,2026-09-28T17:31:09+00:00
4603186,Jack Bech,jack bech,WR,LV,13,64.42,169.96,espn,395,0.0,0.79,DOUBTFUL,WR,2026-09-28T17:31:09+00:00
-16008,Lions D/ST,lions d st,DST,DET,6,63.69,160.14,espn,248,0.63,49.41,ACTIVE,DST,2026-09-28T17:31:09+00:00
4567156,Treylon Burks,treylon burks,WR,WSH,7,63.4,169.95,espn,1000,0.0,0.06,ACTIVE,WR,2026-09-28T17:31:09+00:00
4912274,Sione Vaki,sione vaki,RB,DET,6,62.83,169.92,espn,407,0.0,0.73,ACTIVE,RB,2026-09-28T17:31:09+00:00
-16027,Buccaneers D/ST,buccaneers d st,DST,TB,10,61.91,168.87,espn,340,0.02,25.24,ACTIVE,DST,2026-09-28T17:31:09+00:00
-16010,Titans D/ST,titans d st,DST,TEN,9,61.18,169.48,espn,512,0.0,3.69,ACTIVE,DST,2026-09-28T17:31:09+00:00
4239934,AJ Dillon,aj dillon,RB,CAR,5,60.96,169.83,espn,1343,0.0,1.43,ACTIVE,RB,2026-09-28T17:31:09+00:00
4879194,Josh Cameron,josh cameron,WR,JAX,7,60.62,169.93,espn,1235,0.0,0.06,ACTIVE,WR,2026-09-28T17:31:09+00:00
4242557,Colby Parkinson,colby parkinson,TE,LAR,11,60.38,169.79,espn,448,0.01,1.0,ACTIVE,TE,2026-09-28T17:31:09+00:00
4430834,Jalen McMillan,jalen mcmillan,WR,TB,10,59.67,165.96,espn,167,0.56,21.9,QUESTIONABLE,WR,2026-09-28T17:31:09+00:00
-16002,Bills D/ST,bills d st,DST,BUF,7,59.27,165.85,espn,521,0.06,8.35,ACTIVE,DST,2026-09-28T17:31:09+00:00
3043275,Austin Hooper,austin hooper,TE,ATL,11,59.22,169.88,espn,1007,0.0,0.07,ACTIVE,TE,2026-09-28T17:31:09+00:00
4430802,Darnell Washington,darnell washington,TE,PIT,9,59.17,168.86,espn,450,0.01,1.13,ACTIVE,TE,2026-09-28T17:31:09+00:00
-16009,Packers D/ST,packers d st,DST,GB,11,59.08,168.56,espn,342,0.1,19.36,ACTIVE,DST,2026-09-28T17:31:09+00:00
-16024,Chargers D/ST,chargers d st,DST,LAC,7,59.07,166.16,espn,252,0.2,21.04,ACTIVE,DST,2026-09-28T17:31:09+00:00
-16028,Commanders D/ST,commanders d st,DST,WSH,7,57.43,169.59,espn,518,0.0,0.8,ACTIVE,DST,2026-09-28T17:31:09+00:00
4430681,Jared Wayne,jared wayne,WR,HOU,8,57.35,169.96,espn,1399,0.0,0.05,ACTIVE,WR,2026-09-28T17:31:09+00:00
4036131,Noah Fant,noah fant,TE,NO,8,55.83,169.93,espn,1022,0.0,0.21,ACTIVE,TE,2026-09-28T17:31:09+00:00
3917914,Olamide Zaccheaus,olamide zaccheaus,WR,ATL,11,55.69,169.89,espn,1051,0.0,0.08,ACTIVE,WR,2026-09-28T17:31:09+00:00
-16019,Giants D/ST,giants d st,DST,NYG,8,54.4,168.68,espn,510,0.01,14.65,ACTIVE,DST,2026-09-28T17:31:09+00:00
4808766,Mason Taylor,mason taylor,TE,NYJ,13,54.3,169.93,espn,464,0.0,0.29,OUT,TE,2026-09-28T17:31:09+00:00
-16003,Bears D/ST,bears d st,DST,CHI,10,53.03,169.36,espn,511,0.08,7.64,ACTIVE,DST,2026-09-28T17:31:09+00:00
-16001,Falcons D/ST,falcons d st,DST,ATL,11,52.91,169.61,espn,520,0.03,1.01,ACTIVE,DST,2026-09-28T17:31:09+00:00
4258595,Cole Kmet,cole kmet,TE,CHI,10,51.83,169.59,espn,467,0.0,1.12,ACTIVE,TE,2026-09-28T17:31:09+00:00
4586312,Jaylin Noel,jaylin noel,WR,HOU,8,49.18,169.85,espn,230,0.01,5.8,ACTIVE,WR,2026-09-28T17:31:09+00:00
4613202,Kyle Williams,kyle williams,WR,NE,11,48.8,169.87,espn,980,0.0,0.41,ACTIVE,WR,2026-09-28T17:31:09+00:00
3127310,Drew Sample,drew sample,TE,CIN,6,48.2,169.91,espn,475,0.0,0.08,ACTIVE,TE,2026-09-28T17:31:09+00:00
4711533,Ollie Gordon II,ollie gordon,RB,MIA,6,47.42,169.51,espn,316,0.01,1.08,ACTIVE,RB,2026-09-28T17:31:09+00:00
3930086,Dawson Knox,dawson knox,TE,BUF,7,47.4,169.1,espn,462,0.02,1.0,ACTIVE,TE,2026-09-28T17:31:09+00:00
3149687,Chris Brooks,chris brooks,RB,GB,11,45.86,169.93,espn,324,0.0,14.55,ACTIVE,RB,2026-09-28T17:31:09+00:00
4429013,Tank Bigsby,tank bigsby,RB,PHI,10,45.76,168.17,espn,222,0.12,22.91,ACTIVE,RB,2026-09-28T17:31:09+00:00
4686658,Mike Washington Jr.,mike washington,RB,LV,13,44.96,169.2,espn,197,0.07,22.13,ACTIVE,RB,2026-09-28T17:31:09+00:00
4368003,Andrei Iosivas,andrei iosivas,WR,CIN,6,44.02,169.93,espn,383,0.01,0.37,INJURY_RESERVE,WR,2026-09-28T17:31:09+00:00
4431280,Troy Franklin,troy franklin,WR,DEN,10,43.85,169.88,espn,981,0.0,0.66,ACTIVE,WR,2026-09-28T17:31:09+00:00
4240472,Noah Gray,noah gray,TE,KC,5,42.75,169.69,espn,470,0.0,0.25,ACTIVE,TE,2026-09-28T17:31:09+00:00
4685307,Kevin Coleman Jr.,kevin coleman,WR,MIA,6,42.74,170.09,espn,384,0.0,0.19,ACTIVE,WR,2026-09-28T17:31:09+00:00
-16022,Cardinals D/ST,cardinals d st,DST,ARI,14,42.19,169.32,espn,526,0.0,0.53,ACTIVE,DST,2026-09-28T17:31:09+00:00
4686472,Marvin Mims Jr.,marvin mims,WR,DEN,10,41.14,170.01,espn,382,0.0,0.59,OUT,WR,2026-09-28T17:31:09+00:00
4575665,Jacob Cowing,jacob cowing,WR,SF,8,40.8,169.9,espn,1205,0.0,0.07,ACTIVE,WR,2026-09-28T17:31:09+00:00
3054212,Jonnu Smith,jonnu smith,TE,GB,11,40.43,169.93,espn,1017,0.0,0.17,ACTIVE,TE,2026-09-28T17:31:09+00:00
-16029,Panthers D/ST,panthers d st,DST,CAR,5,40.28,167.33,espn,515,0.03,50.88,ACTIVE,DST,2026-09-28T17:31:09+00:00
4429148,Theo Johnson,theo johnson,TE,NYG,8,39.76,169.89,espn,465,0.0,0.31,ACTIVE,TE,2026-09-28T17:31:09+00:00
3843945,Foster Moreau,foster moreau,TE,HOU,8,39.7,169.98,espn,1136,0.0,0.04,ACTIVE,TE,2026-09-28T17:31:09+00:00
4241263,Charlie Kolar,charlie kolar,TE,LAC,7,39.36,170.0,espn,1032,0.0,0.07,OUT,TE,2026-09-28T17:31:09+00:00
3921690,Josh Oliver,josh oliver,TE,MIN,6,38.97,169.89,espn,1025,0.0,0.1,DOUBTFUL,TE,2026-09-28T17:31:09+00:00
4870612,Zachariah Branch,zachariah branch,WR,ATL,11,38.89,169.73,espn,307,0.0,2.78,ACTIVE,WR,2026-09-28T17:31:09+00:00
4384852,Dohnte Meyers,dohnte meyers,WR,CIN,6,37.97,169.91,espn,1207,0.0,0.17,ACTIVE,WR,2026-09-28T17:31:09+00:00
4430968,Kimani Vidal,kimani vidal,RB,LAC,7,37.95,170.05,espn,313,0.0,1.69,ACTIVE,RB,2026-09-28T17:31:09+00:00
4242433,Joshua Palmer,joshua palmer,WR,BUF,7,36.17,169.58,espn,982,0.02,3.13,ACTIVE,WR,2026-09-28T17:31:09+00:00
4569382,Jordan Whittington,jordan whittington,WR,LAR,11,36.09,169.86,espn,1115,0.0,0.17,ACTIVE,WR,2026-09-28T17:31:09+00:00
16002,Kyle Juszczyk,kyle juszczyk,RB,SF,8,36.08,169.54,espn,1002,0.01,0.53,ACTIVE,RB,2026-09-28T17:31:09+00:00
4686468,Seth McGowan,seth mcgowan,RB,IND,13,35.64,169.89,espn,355,0.0,0.96,ACTIVE,RB,2026-09-28T17:31:09+00:00
2576980,Marcus Mariota,marcus mariota,QB,WSH,7,35.62,169.85,espn,484,0.0,3.26,ACTIVE,QB,2026-09-28T17:31:09+00:00
3925357,Calvin Ridley,calvin ridley,WR,TEN,9,35.21,170.36,espn,210,0.08,14.69,ACTIVE,WR,2026-09-28T17:31:09+00:00
4361516,Daniel Bellinger,daniel bellinger,TE,TEN,9,35.15,169.95,espn,1087,0.0,0.03,ACTIVE,TE,2026-09-28T17:31:09+00:00
-16015,Dolphins D/ST,dolphins d st,DST,MIA,6,34.72,168.64,espn,527,0.01,0.58,ACTIVE,DST,2026-09-28T17:31:09+00:00
4361372,Jeremy Ruckert,jeremy ruckert,TE,NYJ,13,34.4,169.91,espn,1094,0.0,0.04,ACTIVE,TE,2026-09-28T17:31:09+00:00
4608810,Tez Johnson,tez johnson,WR,TB,10,33.79,169.91,espn,1119,0.0,0.12,ACTIVE,WR,2026-09-28T17:31:09+00:00
4362018,Blake Whiteheart,blake whiteheart,TE,CLE,11,33.14,169.89,espn,1169,0.0,0.04,ACTIVE,TE,2026-09-28T17:31:09+00:00
4429023,MarShawn Lloyd,marshawn lloyd,RB,GB,11,32.05,133.0,espn,102,1.44,67.84,ACTIVE,RB,2026-09-28T17:31:09+00:00
3911853,Adam Trautman,adam trautman,TE,DEN,10,31.7,169.95,espn,1026,0.0,0.08,ACTIVE,TE,2026-09-28T17:31:09+00:00
4879276,Bryce Lance,bryce lance,WR,NO,8,31.45,169.86,espn,1012,0.0,0.18,ACTIVE,WR,2026-09-28T17:31:09+00:00
3047876,KhaDarel Hodge,khadarel hodge,WR,SF,8,31.36,169.96,espn,1631,0.0,0.02,ACTIVE,WR,2026-09-28T17:31:09+00:00
4430191,Skyy Moore,skyy moore,WR,GB,11,31.23,169.88,espn,1329,0.01,0.2,ACTIVE,WR,2026-09-28T17:31:09+00:00
4831959,Eli Raridon,eli raridon,TE,NE,11,31.21,169.96,espn,476,0.0,0.31,OUT,TE,2026-09-28T17:31:09+00:00
3676833,KaVontae Turpin,kavontae turpin,WR,DAL,14,31.09,169.51,espn,394,0.0,1.45,ACTIVE,WR,2026-09-28T17:31:09+00:00
4597703,Tory Horton,tory horton,WR,SEA,11,31.0,170.01,espn,396,0.0,0.46,ACTIVE,WR,2026-09-28T17:31:09+00:00
4434153,Tyson Bagent,tyson bagent,QB,CHI,10,30.9,169.88,espn,486,0.0,0.51,ACTIVE,QB,2026-09-28T17:31:09+00:00
4683243,Mitchell Evans,mitchell evans,TE,CAR,5,30.6,169.89,espn,1408,0.0,0.03,ACTIVE,TE,2026-09-28T17:31:09+00:00
4431545,Will Shipley,will shipley,RB,PHI,10,30.2,169.77,espn,357,0.0,0.69,ACTIVE,RB,2026-09-28T17:31:09+00:00
4361577,Dyami Brown,dyami brown,WR,WSH,7,30.12,169.96,espn,991,0.0,0.09,ACTIVE,WR,2026-09-28T17:31:09+00:00
5082630,Jalen Royals,jalen royals,WR,KC,5,29.61,169.74,espn,1142,0.0,0.09,ACTIVE,WR,2026-09-28T17:31:09+00:00
4690143,LaJohntay Wester,lajohntay wester,WR,BAL,13,29.51,169.9,espn,1324,0.0,0.07,ACTIVE,WR,2026-09-28T17:31:09+00:00
4696882,Devontez Walker,devontez walker,WR,BAL,13,29.5,169.8,espn,1003,0.0,0.14,ACTIVE,WR,2026-09-28T17:31:09+00:00
4911851,LeQuint Allen Jr.,lequint allen,RB,JAX,7,28.94,169.95,espn,349,0.0,0.42,ACTIVE,RB,2026-09-28T17:31:09+00:00
4432260,Matthew Hibner,matthew hibner,TE,BAL,13,28.62,169.93,espn,1245,0.0,0.06,ACTIVE,TE,2026-09-28T17:31:09+00:00
3052096,Johnny Mundt,johnny mundt,TE,PHI,10,28.58,169.92,espn,1259,0.0,0.17,ACTIVE,TE,2026-09-28T17:31:09+00:00
4682745,Jaylen Wright,jaylen wright,RB,MIA,6,27.38,169.85,espn,314,0.0,1.67,OUT,RB,2026-09-28T17:31:09+00:00
4685553,Brenen Thompson,brenen thompson,WR,LAC,7,27.1,169.98,espn,1080,0.0,0.09,OUT,WR,2026-09-28T17:31:09+00:00
4887558,Emanuel Wilson,emanuel wilson,RB,SEA,11,26.87,169.5,espn,358,0.02,34.57,ACTIVE,RB,2026-09-28T17:31:09+00:00
3051889,Laquon Treadwell,laquon treadwell,WR,IND,13,26.67,169.93,espn,1153,0.0,0.2,ACTIVE,WR,2026-09-28T17:31:09+00:00
4599739,Kendre Miller,kendre miller,RB,NO,8,25.52,169.98,espn,398,0.0,0.84,ACTIVE,RB,2026-09-28T17:31:09+00:00
4426553,Davis Allen,davis allen,TE,LAR,11,24.16,169.93,espn,1133,0.0,0.03,ACTIVE,TE,2026-09-28T17:31:09+00:00
4427834,Erick All Jr.,erick all,TE,CIN,6,24.0,169.92,espn,449,0.0,0.17,ACTIVE,TE,2026-09-28T17:31:09+00:00
5150247,Malik Benson,malik benson,WR,LV,13,23.94,169.92,espn,979,0.0,0.1,ACTIVE,WR,2026-09-28T17:31:09+00:00
4242392,Brock Wright,brock wright,TE,DET,6,23.73,169.75,espn,1139,0.0,0.11,ACTIVE,TE,2026-09-28T17:31:09+00:00
4383440,Nate Adkins,nate adkins,TE,DEN,10,23.7,169.93,espn,1138,0.0,0.05,ACTIVE,TE,2026-09-28T17:31:09+00:00
4431466,Jordan Watkins,jordan watkins,WR,SF,8,23.64,169.86,espn,1409,0.0,0.04,ACTIVE,WR,2026-09-28T17:31:09+00:00
4686248,Nate Boerkircher,nate boerkircher,TE,JAX,7,23.43,169.92,espn,1140,0.0,0.05,ACTIVE,TE,2026-09-28T17:31:09+00:00
4710855,Konata Mumpfield,konata mumpfield,WR,LAR,11,23.3,169.93,espn,1134,0.0,0.54,ACTIVE,WR,2026-09-28T17:31:09+00:00
4362477,Derius Davis,derius davis,WR,LAC,7,23.18,169.98,espn,1192,0.0,0.03,ACTIVE,WR,2026-09-28T17:31:09+00:00
4360763,Brycen Tremayne,brycen tremayne,WR,CAR,5,22.33,169.91,espn,1267,0.0,0.03,ACTIVE,WR,2026-09-28T17:31:09+00:00
4426844,Elijah Higgins,elijah higgins,TE,ARI,14,22.19,169.88,espn,1011,0.0,0.09,ACTIVE,TE,2026-09-28T17:31:09+00:00
4715355,Darius Cooper,darius cooper,WR,PHI,10,22.16,169.82,espn,1250,0.0,0.13,ACTIVE,WR,2026-09-28T17:31:09+00:00
4040612,Luke Farrell,luke farrell,TE,SF,8,22.03,169.88,espn,1239,0.0,0.05,ACTIVE,TE,2026-09-28T17:31:09+00:00
4401805,Dareke Young,dareke young,WR,LV,13,21.75,169.94,espn,1257,0.0,0.02,ACTIVE,WR,2026-09-28T17:31:09+00:00
4685261,Germie Bernard,germie bernard,WR,PIT,9,21.44,169.81,espn,300,0.0,3.76,ACTIVE,WR,2026-09-28T17:31:09+00:00
4048228,John Bates,john bates,TE,WSH,7,21.15,169.98,espn,1046,0.0,0.04,ACTIVE,TE,2026-09-28T17:31:09+00:00
4678006,Elijah Arroyo,elijah arroyo,TE,SEA,11,20.98,169.82,espn,463,0.0,0.3,ACTIVE,TE,2026-09-28T17:31:09+00:00
2576336,Ameer Abdullah,ameer abdullah,RB,JAX,7,20.33,169.98,espn,437,0.0,0.11,ACTIVE,RB,2026-09-28T17:31:09+00:00
3917668,Alec Ingold,alec ingold,RB,LAC,7,20.06,169.92,espn,1162,0.0,0.04,ACTIVE,RB,2026-09-28T17:31:09+00:00
3052897,Durham Smythe,durham smythe,TE,BAL,13,20.0,169.91,espn,1105,0.0,0.05,ACTIVE,TE,2026-09-28T17:31:09+00:00
4429501,Ray Davis,ray davis,RB,BUF,7,19.98,169.07,espn,231,0.02,6.37,ACTIVE,RB,2026-09-28T17:31:09+00:00
4360967,Brevyn Spann-Ford,brevyn spann ford,TE,DAL,14,19.82,169.81,espn,1220,0.0,0.08,ACTIVE,TE,2026-09-28T17:31:09+00:00
4431268,Chimere Dike,chimere dike,WR,TEN,9,19.65,169.87,espn,1023,0.0,0.8,ACTIVE,WR,2026-09-28T17:31:09+00:00
4702555,Jonah Coleman,jonah coleman,RB,DEN,10,19.29,165.0,espn,175,0.29,32.97,INJURY_RESERVE,RB,2026-09-28T17:31:09+00:00
4880236,Will Kacmarek,will kacmarek,TE,MIA,6,19.05,169.96,espn,1021,0.0,0.05,ACTIVE,TE,2026-09-28T17:31:09+00:00
4369466,Ryan Miller,ryan miller,WR,MIA,6,18.85,169.97,espn,1385,0.0,0.04,ACTIVE,WR,2026-09-28T17:31:09+00:00
4685246,Kaytron Allen,kaytron allen,RB,WSH,7,17.8,170.03,espn,403,0.0,0.72,ACTIVE,RB,2026-09-28T17:31:09+00:00
4061956,Ashton Dulin,ashton dulin,WR,IND,13,16.57,169.95,espn,1054,0.0,0.13,OUT,WR,2026-09-28T17:31:09+00:00
2573401,Tyler Higbee,tyler higbee,TE,LAR,11,15.66,169.76,espn,472,0.01,0.27,ACTIVE,TE,2026-09-28T17:31:09+00:00
4431487,Savion Williams,savion williams,WR,GB,11,15.64,169.97,espn,1015,0.0,0.18,INJURY_RESERVE,WR,2026-09-28T17:31:09+00:00
4244049,Quintin Morris,quintin morris,TE,JAX,7,15.63,169.95,espn,1366,0.0,0.01,ACTIVE,TE,2026-09-28T17:31:09+00:00
4912218,Cyrus Allen,cyrus allen,WR,KC,5,15.47,169.85,espn,423,0.0,1.45,ACTIVE,WR,2026-09-28T17:31:09+00:00
4565185,Tai Felton,tai felton,WR,MIN,6,14.78,169.91,espn,1234,0.0,0.06,ACTIVE,WR,2026-09-28T17:31:09+00:00
4239944,Hunter Long,hunter long,TE,ARI,14,14.74,169.95,espn,1255,0.0,0.02,ACTIVE,TE,2026-09-28T17:31:09+00:00
4567096,John Metchie III,john metchie,WR,CAR,5,14.63,169.91,espn,1357,0.0,0.06,ACTIVE,WR,2026-09-28T17:31:09+00:00
4685504,Sam Roush,sam roush,TE,CHI,10,14.36,169.93,espn,1242,0.0,0.07,ACTIVE,TE,2026-09-28T17:31:09+00:00
4429835,George Holani,george holani,RB,SEA,11,14.31,169.91,espn,350,0.0,3.31,ACTIVE,RB,2026-09-28T17:31:09+00:00
4383396,Hunter Luepke,hunter luepke,RB,DAL,14,14.18,169.87,espn,1096,0.0,0.11,ACTIVE,RB,2026-09-28T17:31:09+00:00
4722908,Drew Ogletree,drew ogletree,TE,IND,13,13.96,169.96,espn,1240,0.0,0.03,ACTIVE,TE,2026-09-28T17:31:09+00:00
2975863,Eric Saubert,eric saubert,TE,SEA,11,13.9,169.92,espn,1247,0.0,0.04,ACTIVE,TE,2026-09-28T17:31:09+00:00
4369886,Chris Blair,chris blair,WR,ATL,11,13.79,169.96,espn,1386,0.0,0.02,ACTIVE,WR,2026-09-28T17:31:09+00:00
4035656,Ben Skowronek,ben skowronek,WR,PIT,9,13.56,169.95,espn,1300,0.0,0.05,ACTIVE,WR,2026-09-28T17:31:09+00:00
15168,Case Keenum,case keenum,QB,CHI,10,12.92,169.91,espn,1339,0.0,0.66,ACTIVE,QB,2026-09-28T17:31:09+00:00
16733,Odell Beckham Jr.,odell beckham,WR,NYG,8,12.89,168.64,espn,978,0.07,2.37,ACTIVE,WR,2026-09-28T17:31:09+00:00
4372096,Luke Schoonmaker,luke schoonmaker,TE,DAL,14,11.57,169.81,espn,1078,0.0,0.12,ACTIVE,TE,2026-09-28T17:31:09+00:00
5092508,Colbie Young,colbie young,WR,CIN,6,11.5,169.86,espn,1066,0.0,0.11,QUESTIONABLE,WR,2026-09-28T17:31:09+00:00
4685415,Travis Hunter,travis hunter,WR,JAX,7,10.66,157.63,espn,187,1.01,44.21,ACTIVE,WR,2026-09-28T17:31:09+00:00
4360516,Tyrone Tracy Jr.,tyrone tracy,RB,NYG,8,10.62,169.73,espn,351,0.0,2.74,ACTIVE,RB,2026-09-28T17:31:09+00:00
4602667,Jaylin Lane,jaylin lane,WR,WSH,7,10.08,169.94,espn,1077,0.0,0.16,ACTIVE,WR,2026-09-28T17:31:09+00:00
4241372,Hollywood Brown,hollywood brown,WR,PHI,10,9.44,169.83,espn,1047,0.0,0.31,OUT,WR,2026-09-28T17:31:09+00:00
4386544,Xavier Smith,xavier smith,WR,LAR,11,9.4,169.92,espn,1193,0.0,0.11,ACTIVE,WR,2026-09-28T17:31:09+00:00
4685555,Nicholas Singleton,nicholas singleton,RB,TEN,9,9.33,170.03,espn,387,0.0,1.04,ACTIVE,RB,2026-09-28T17:31:09+00:00
3929914,Adam Prentice,adam prentice,RB,DEN,10,8.63,169.93,espn,1203,0.0,0.03,ACTIVE,RB,2026-09-28T17:31:09+00:00
4259305,Bo Melton,bo melton,WR,GB,11,8.23,169.9,espn,1163,0.0,0.08,ACTIVE,WR,2026-09-28T17:31:09+00:00
4702559,Oscar Delp,oscar delp,TE,NO,8,7.89,169.92,espn,1147,0.0,0.08,ACTIVE,TE,2026-09-28T17:31:09+00:00
4372505,Payne Durham,payne durham,TE,TB,10,7.57,169.96,espn,1146,0.0,0.03,ACTIVE,TE,2026-09-28T17:31:09+00:00
4573699,Jackson Hawes,jackson hawes,TE,BUF,7,7.5,169.88,espn,1084,0.0,0.07,ACTIVE,TE,2026-09-28T17:31:09+00:00
4045305,Ian Thomas,ian thomas,TE,LV,13,7.44,169.95,espn,1256,0.0,0.02,ACTIVE,TE,2026-09-28T17:31:09+00:00
2998565,Mo Alie-Cox,mo alie cox,TE,IND,13,7.4,169.92,espn,1081,0.0,0.06,ACTIVE,TE,2026-09-28T17:31:09+00:00
4690923,Ben Sinnott,ben sinnott,TE,WSH,7,7.16,169.97,espn,1089,0.0,0.06,ACTIVE,TE,2026-09-28T17:31:09+00:00
4876132,Josh Cuevas,josh cuevas,TE,BAL,13,7.16,169.96,espn,1246,0.0,0.03,ACTIVE,TE,2026-09-28T17:31:09+00:00
4430871,Sean Tucker,sean tucker,RB,TB,10,7.01,169.97,espn,354,0.0,0.5,ACTIVE,RB,2026-09-28T17:31:09+00:00
4426485,Jonathan Mingo,jonathan mingo,WR,DAL,14,6.99,169.83,espn,1253,0.0,0.08,ACTIVE,WR,2026-09-28T17:31:09+00:00
4596602,Brashard Smith,brashard smith,RB,KC,5,6.96,169.73,espn,328,0.0,0.61,ACTIVE,RB,2026-09-28T17:31:09+00:00
5160110,Jahdae Walker,jahdae walker,WR,CHI,10,6.92,169.88,espn,1243,0.0,0.14,ACTIVE,WR,2026-09-28T17:31:09+00:00
4035020,Charlie Woerner,charlie woerner,TE,ATL,11,6.87,169.96,espn,1258,0.0,0.02,ACTIVE,TE,2026-09-28T17:31:09+00:00
2515270,Michael Burton,michael burton,RB,CLE,11,6.47,169.95,espn,1208,0.0,0.04,ACTIVE,RB,2026-09-28T17:31:09+00:00
4039505,Reggie Gilliam,reggie gilliam,RB,NE,11,6.34,169.93,espn,1269,0.0,0.06,ACTIVE,RB,2026-09-28T17:31:09+00:00
4695193,Efton Chism III,efton chism,WR,NE,11,6.29,169.89,espn,1209,0.0,0.11,ACTIVE,WR,2026-09-28T17:31:09+00:00
4037457,Travis Homer,travis homer,RB,PIT,9,6.16,169.95,espn,1714,0.0,0.09,ACTIVE,RB,2026-09-28T17:31:09+00:00
4243176,Brady Russell,brady russell,RB,SEA,11,6.11,169.92,espn,1384,0.0,0.03,ACTIVE,RB,2026-09-28T17:31:09+00:00
2975417,Patrick Ricard,patrick ricard,RB,NYG,8,6.07,169.92,espn,1273,0.0,0.07,ACTIVE,RB,2026-09-28T17:31:09+00:00
4635009,J. Michael Sturdivant,j michael sturdivant,WR,GB,11,6.06,169.93,espn,1453,0.0,0.03,ACTIVE,WR,2026-09-28T17:31:09+00:00
4362748,Tyler Badie,tyler badie,RB,DEN,10,5.39,170.01,espn,435,0.0,0.26,ACTIVE,RB,2026-09-28T17:31:09+00:00
4698597,Barion Brown,barion brown,WR,NO,8,5.0,169.9,espn,1121,0.0,0.12,OUT,WR,2026-09-28T17:31:09+00:00
4832846,Demond Claiborne,demond claiborne,RB,MIN,6,4.47,170.01,espn,401,0.0,1.19,ACTIVE,RB,2026-09-28T17:31:09+00:00
4241961,Connor Heyward,connor heyward,RB,LV,13,4.33,169.91,espn,1206,0.0,0.04,ACTIVE,RB,2026-09-28T17:31:09+00:00
4360797,Tutu Atwell,tutu atwell,WR,LAR,11,3.79,169.79,espn,1059,0.0,0.24,OUT,WR,2026-09-28T17:31:09+00:00
4695705,Marlin Klein,marlin klein,TE,HOU,8,3.7,169.99,espn,1238,0.0,0.06,ACTIVE,TE,2026-09-28T17:31:09+00:00
4426496,Cade Stover,cade stover,TE,HOU,8,3.47,169.95,espn,1044,0.0,0.05,ACTIVE,TE,2026-09-28T17:31:09+00:00
4241424,Tylan Wallace,tylan wallace,WR,CLE,11,3.43,169.97,espn,1350,0.0,0.02,ACTIVE,WR,2026-09-28T17:31:09+00:00
4808839,Isaiah Bond,isaiah bond,WR,CLE,11,3.17,169.89,espn,1039,0.0,0.1,ACTIVE,WR,2026-09-28T17:31:09+00:00
4683151,Deion Burks,deion burks,WR,IND,13,3.11,169.96,espn,1439,0.0,0.02,ACTIVE,WR,2026-09-28T17:31:09+00:00
4372026,Cameron Latu,cameron latu,TE,NE,11,2.8,169.96,espn,1372,0.0,0.02,ACTIVE,TE,2026-09-28T17:31:09+00:00
4241410,Jelani Woods,jelani woods,TE,NYJ,13,2.79,169.94,espn,1358,0.0,0.01,ACTIVE,TE,2026-09-28T17:31:09+00:00
4249417,Jalen Tolbert,jalen tolbert,WR,MIA,6,2.76,170.01,espn,333,0.0,0.54,ACTIVE,WR,2026-09-28T17:31:09+00:00
5081338,Kaden Wetjen,kaden wetjen,WR,PIT,9,1.97,169.93,espn,1298,0.0,0.11,ACTIVE,WR,2026-09-28T17:31:09+00:00
4373273,British Brooks,british brooks,RB,HOU,8,1.92,169.96,espn,1319,0.0,0.04,ACTIVE,RB,2026-09-28T17:31:09+00:00
4430656,Myles Price,myles price,WR,MIN,6,1.79,169.88,espn,1323,0.0,0.29,ACTIVE,WR,2026-09-28T17:31:09+00:00
4039050,Devin Duvernay,devin duvernay,WR,ARI,14,1.73,169.96,espn,1325,0.0,0.08,ACTIVE,WR,2026-09-28T17:31:09+00:00
3123075,Braxton Berrios,braxton berrios,WR,NYG,8,1.59,169.89,espn,1318,0.0,0.08,ACTIVE,WR,2026-09-28T17:31:09+00:00
4248557,E.J. Jenkins,e j jenkins,TE,PHI,10,1.51,169.98,espn,1398,0.0,0.02,ACTIVE,TE,2026-09-28T17:31:09+00:00
4372716,Nikko Remigio,nikko remigio,WR,KC,5,1.36,169.91,espn,1327,0.0,0.06,ACTIVE,WR,2026-09-28T17:31:09+00:00
4361088,Colson Yankoff,colson yankoff,TE,WSH,7,0.97,169.95,espn,1395,0.0,0.03,ACTIVE,TE,2026-09-28T17:31:09+00:00
4035537,Kene Nwangwu,kene nwangwu,RB,NYJ,13,0.82,170.04,espn,408,0.0,0.12,OUT,RB,2026-09-28T17:31:09+00:00
4366963,Dylan Laube,dylan laube,RB,LV,13,0.62,169.99,espn,434,0.01,0.17,ACTIVE,RB,2026-09-28T17:31:09+00:00
4692835,Jalen Brooks,jalen brooks,WR,ARI,14,0.54,169.94,espn,1330,0.0,0.03,ACTIVE,WR,2026-09-28T17:31:09+00:00
4869748,Zavion Thomas,zavion thomas,WR,CHI,10,0.49,169.9,espn,1030,0.0,0.56,ACTIVE,WR,2026-09-28T17:31:09+00:00
4693370,Riley Nowakowski,riley nowakowski,RB,PIT,9,0.45,170.01,espn,461,0.0,0.06,ACTIVE,RB,2026-09-28T17:31:09+00:00
5097554,Kameron Johnson,kameron johnson,WR,TB,10,0.45,169.93,espn,1303,0.0,0.06,ACTIVE,WR,2026-09-28T17:31:09+00:00
4383429,Jacob Saylors,jacob saylors,RB,DET,6,0.38,169.99,espn,348,0.0,0.92,ACTIVE,RB,2026-09-28T17:31:09+00:00
4429299,Tahj Brooks,tahj brooks,RB,CIN,6,0.36,169.98,espn,400,0.0,0.22,ACTIVE,RB,2026-09-28T17:31:09+00:00
4613104,Malachi Corley,malachi corley,WR,CLE,11,0.36,169.95,espn,1180,0.0,0.04,ACTIVE,WR,2026-09-28T17:31:09+00:00
5081508,Eli Heidenreich,eli heidenreich,RB,PIT,9,0.34,170.05,espn,445,0.0,4.03,OUT,RB,2026-09-28T17:31:09+00:00
4689114,Jaxson Dart,jaxson dart,QB,NYG,8,0.0,109.99,espn,91,2.88,44.88,INJURY_RESERVE,QB,2026-09-28T17:31:09+00:00
4678008,Jonathon Brooks,jonathon brooks,RB,CAR,5,0.0,131.82,espn,95,1.15,57.3,INJURY_RESERVE,RB,2026-09-28T17:31:09+00:00
4710714,De'Zhaun Stribling,dezhaun stribling,WR,SF,8,0.0,157.37,espn,148,0.82,32.58,INJURY_RESERVE,WR,2026-09-28T17:31:09+00:00
4366031,Tank Dell,tank dell,WR,HOU,8,0.0,166.13,espn,169,0.41,29.0,INJURY_RESERVE,WR,2026-09-28T17:31:09+00:00
4361529,Isiah Pacheco,isiah pacheco,RB,DET,6,0.0,166.51,espn,173,0.27,25.29,INJURY_RESERVE,RB,2026-09-28T17:31:09+00:00
5081397,Dylan Sampson,dylan sampson,RB,CLE,11,0.0,170.34,espn,189,0.09,10.88,INJURY_RESERVE,RB,2026-09-28T17:31:09+00:00
4870847,Ja'Kobi Lane,jakobi lane,WR,BAL,13,0.0,169.48,espn,294,0.04,9.82,INJURY_RESERVE,WR,2026-09-28T17:31:09+00:00
4723820,Omar Cooper Jr.,omar cooper,WR,NYJ,13,0.0,169.91,espn,309,0.0,3.4,INJURY_RESERVE,WR,2026-09-28T17:31:09+00:00
4240603,Malik Davis,malik davis,RB,DAL,14,0.0,169.83,espn,329,0.0,0.96,INJURY_RESERVE,RB,2026-09-28T17:31:09+00:00
4695404,Isaiah Davis,isaiah davis,RB,NYJ,13,0.0,170.05,espn,347,0.0,0.51,ACTIVE,RB,2026-09-28T17:31:09+00:00
4685397,Jordan James,jordan james,RB,SF,8,0.0,169.84,espn,356,0.0,1.14,ACTIVE,RB,2026-09-28T17:31:09+00:00
4362478,Emari Demercado,emari demercado,RB,DAL,14,0.0,169.68,espn,360,0.0,1.29,OUT,RB,2026-09-28T17:31:09+00:00
4690013,Rasheen Ali,rasheen ali,RB,BAL,13,0.0,169.99,espn,402,0.0,0.16,ACTIVE,RB,2026-09-28T17:31:09+00:00
4874509,DJ Giddens,dj giddens,RB,IND,13,0.0,170.05,espn,404,0.0,0.26,OUT,RB,2026-09-28T17:31:09+00:00
3123076,David Njoku,david njoku,TE,LAC,7,0.0,169.97,espn,417,0.0,3.02,INJURY_RESERVE,TE,2026-09-28T17:31:09+00:00
4241479,Tua Tagovailoa,tua tagovailoa,QB,ATL,11,0.0,169.75,espn,424,0.0,0.98,ACTIVE,QB,2026-09-28T17:31:09+00:00
4432762,Shedeur Sanders,shedeur sanders,QB,CLE,11,0.0,169.6,espn,430,0.0,1.59,ACTIVE,QB,2026-09-28T17:31:09+00:00
4427728,Bam Knight,bam knight,RB,ARI,14,0.0,170.03,espn,433,0.0,0.15,ACTIVE,RB,2026-09-28T17:31:09+00:00
4685526,Adam Randall,adam randall,RB,BAL,13,0.0,170.09,espn,441,0.0,0.4,INJURY_RESERVE,RB,2026-09-28T17:31:09+00:00
3045147,James Conner,james conner,RB,ARI,14,0.0,170.05,espn,442,0.0,2.8,INJURY_RESERVE,RB,2026-09-28T17:31:09+00:00
4259147,Jake Tonges,jake tonges,TE,SF,8,0.0,169.98,espn,447,0.0,0.43,INJURY_RESERVE,TE,2026-09-28T17:31:09+00:00
4433970,J.J. McCarthy,j j mccarthy,QB,MIN,6,0.0,169.48,espn,451,0.0,0.5,ACTIVE,QB,2026-09-28T17:31:09+00:00
4430841,Carson Beck,carson beck,QB,ARI,14,0.0,169.92,espn,452,0.0,0.46,OUT,QB,2026-09-28T17:31:09+00:00
4362887,Justin Fields,justin fields,QB,KC,5,0.0,169.67,espn,454,0.0,0.32,ACTIVE,QB,2026-09-28T17:31:09+00:00
11252,Joe Flacco,joe flacco,QB,CIN,6,0.0,169.78,espn,457,0.01,0.31,ACTIVE,QB,2026-09-28T17:31:09+00:00
4241464,Mac Jones,mac jones,QB,SF,8,0.0,169.8,espn,458,0.0,0.23,ACTIVE,QB,2026-09-28T17:31:09+00:00
4429275,Trey Benson,trey benson,RB,ARI,14,0.0,169.99,espn,460,0.0,0.14,INJURY_RESERVE,RB,2026-09-28T17:31:09+00:00
4431588,Ja'Tavion Sanders,jatavion sanders,TE,CAR,5,0.0,169.96,espn,469,0.0,0.14,OUT,TE,2026-09-28T17:31:09+00:00
4431574,Eli Stowers,eli stowers,TE,PHI,10,0.0,169.97,espn,471,0.0,0.34,INJURY_RESERVE,TE,2026-09-28T17:31:09+00:00
4833029,Max Klare,max klare,TE,LAR,11,0.0,170.0,espn,474,0.0,0.09,ACTIVE,TE,2026-09-28T17:31:09+00:00
4685522,Ty Simpson,ty simpson,QB,LAR,11,0.0,169.92,espn,477,0.0,0.27,OUT,QB,2026-09-28T17:31:09+00:00
4429084,Anthony Richardson Sr.,anthony richardson,QB,IND,13,0.0,169.93,espn,480,0.0,0.13,ACTIVE,QB,2026-09-28T17:31:09+00:00
4596472,Jalon Daniels,jalon daniels,QB,TB,10,0.0,169.93,espn,481,0.0,0.08,ACTIVE,QB,2026-09-28T17:31:09+00:00
3892775,Jarrett Stidham,jarrett stidham,QB,DEN,10,0.0,169.96,espn,482,0.0,0.07,ACTIVE,QB,2026-09-28T17:31:09+00:00
4240391,Tommy DeVito,tommy devito,QB,NE,11,0.0,169.85,espn,483,0.0,0.12,ACTIVE,QB,2026-09-28T17:31:09+00:00
4426875,Sam Howell,sam howell,QB,DAL,14,0.0,169.86,espn,487,0.0,0.09,ACTIVE,QB,2026-09-28T17:31:09+00:00
4685201,Tanner McKee,tanner mckee,QB,PHI,10,0.0,169.95,espn,488,0.0,0.06,ACTIVE,QB,2026-09-28T17:31:09+00:00
4259619,Blake Grupe,blake grupe,K,NYJ,13,0.0,169.89,espn,509,0.0,0.23,OUT,K,2026-09-28T17:31:09+00:00
4683153,Skyler Bell,skyler bell,WR,BUF,7,0.0,169.82,espn,1048,0.0,0.43,OUT,WR,2026-09-28T17:31:09+00:00
5088338,Elijah Sarratt,elijah sarratt,WR,BAL,13,0.0,169.92,espn,1095,0.0,0.18,OUT,WR,2026-09-28T17:31:09+00:00
4708486,Jimmy Horn Jr.,jimmy horn,WR,FA,0,0.0,169.93,espn,1120,0.0,0.06,ACTIVE,WR,2026-09-28T17:31:09+00:00
4426948,Luke McCaffrey,luke mccaffrey,WR,WSH,7,0.0,169.91,espn,1141,0.0,0.18,ACTIVE,WR,2026-09-28T17:31:09+00:00
4430870,KeAndre Lambert-Smith,keandre lambert smith,WR,LAC,7,0.0,169.96,espn,1145,0.0,0.05,INJURY_RESERVE,WR,2026-09-28T17:31:09+00:00
4714379,Seydou Traore,seydou traore,TE,MIA,6,0.0,169.96,espn,1167,0.0,0.02,ACTIVE,TE,2026-09-28T17:31:09+00:00
4245144,Tay Martin,tay martin,WR,DET,6,0.0,169.93,espn,1182,0.0,0.03,ACTIVE,WR,2026-09-28T17:31:09+00:00
4360086,Josh Whyle,josh whyle,TE,GB,11,0.0,169.96,espn,1210,0.0,0.03,ACTIVE,TE,2026-09-28T17:31:09+00:00
4878695,Max Bredeson,max bredeson,RB,MIN,6,0.0,169.94,espn,1217,0.0,0.04,ACTIVE,RB,2026-09-28T17:31:09+00:00
4714771,Drew Allar,drew allar,QB,PIT,9,0.0,169.94,espn,1222,0.0,0.19,OUT,QB,2026-09-28T17:31:09+00:00
4383351,Trey Lance,trey lance,QB,LAC,7,0.0,169.98,espn,1223,0.0,0.05,ACTIVE,QB,2026-09-28T17:31:09+00:00
14163,Tyrod Taylor,tyrod taylor,QB,GB,11,0.0,169.96,espn,1224,0.0,0.07,ACTIVE,QB,2026-09-28T17:31:09+00:00
4889929,Quinn Ewers,quinn ewers,QB,JAX,7,0.0,169.98,espn,1226,0.0,0.05,ACTIVE,QB,2026-09-28T17:31:09+00:00
4683423,Riley Leonard,riley leonard,QB,IND,13,0.0,170.01,espn,1227,0.0,0.04,OUT,QB,2026-09-28T17:31:09+00:00
4917427,Tanner Koziol,tanner koziol,TE,JAX,7,0.0,169.95,espn,1229,0.0,0.02,ACTIVE,TE,2026-09-28T17:31:09+00:00
3915486,Tyler Conklin,tyler conklin,TE,DET,6,0.0,169.93,espn,1230,0.0,0.05,OUT,TE,2026-09-28T17:31:09+00:00
4034779,Ko Kieft,ko kieft,TE,TB,10,0.0,169.95,espn,1232,0.0,0.02,ACTIVE,TE,2026-09-28T17:31:09+00:00
4240703,Kenny Pickett,kenny pickett,QB,CAR,5,0.0,169.93,espn,1233,0.0,0.07,ACTIVE,QB,2026-09-28T17:31:09+00:00
4426339,Spencer Rattler,spencer rattler,QB,NO,8,0.0,169.98,espn,1236,0.0,0.05,ACTIVE,QB,2026-09-28T17:31:09+00:00
4035671,Tyler Huntley,tyler huntley,QB,BAL,13,0.0,169.92,espn,1244,0.0,0.07,ACTIVE,QB,2026-09-28T17:31:09+00:00
3044720,Joshua Dobbs,joshua dobbs,QB,DET,6,0.0,169.88,espn,1248,0.0,0.07,ACTIVE,QB,2026-09-28T17:31:09+00:00
3125107,Andrew Beck,andrew beck,RB,NYJ,13,0.0,169.95,espn,1252,0.0,0.03,ACTIVE,RB,2026-09-28T17:31:09+00:00
4242546,Davis Mills,davis mills,QB,HOU,8,0.0,169.99,espn,1254,0.0,0.04,ACTIVE,QB,2026-09-28T17:31:09+00:00
4685413,Cade Klubnik,cade klubnik,QB,NYJ,13,0.0,169.95,espn,1260,0.0,0.08,ACTIVE,QB,2026-09-28T17:31:09+00:00
4685540,Carsen Ryan,carsen ryan,TE,CLE,11,0.0,169.97,espn,1261,0.0,0.02,ACTIVE,TE,2026-09-28T17:31:09+00:00
4869132,Reggie Virgil,reggie virgil,WR,ARI,14,0.0,169.96,espn,1262,0.11,0.03,OUT,WR,2026-09-28T17:31:09+00:00
3115293,Kyle Allen,kyle allen,QB,BUF,7,0.0,169.83,espn,1264,0.04,0.09,ACTIVE,QB,2026-09-28T17:31:09+00:00
4433971,Kyle McCord,kyle mccord,QB,MIA,6,0.0,169.93,espn,1266,0.0,0.03,ACTIVE,QB,2026-09-28T17:31:09+00:00
3924327,Drew Lock,drew lock,QB,SEA,11,0.0,169.35,espn,1268,0.02,2.63,ACTIVE,QB,2026-09-28T17:31:09+00:00
3039707,Mitchell Trubisky,mitchell trubisky,QB,TEN,9,0.0,169.95,espn,1270,0.0,0.04,ACTIVE,QB,2026-09-28T17:31:09+00:00
4038524,Gardner Minshew II,gardner minshew,QB,ARI,14,0.0,169.95,espn,1276,0.0,0.05,ACTIVE,QB,2026-09-28T17:31:09+00:00
4431431,Corey Kiner,corey kiner,RB,NE,11,0.0,169.92,espn,1294,0.0,0.12,ACTIVE,RB,2026-09-28T17:31:09+00:00
2531358,Chris Manhertz,chris manhertz,TE,NYG,8,0.0,169.96,espn,1297,0.0,0.03,ACTIVE,TE,2026-09-28T17:31:09+00:00
4429105,Arian Smith,arian smith,WR,NYJ,13,0.0,169.94,espn,1307,0.0,0.03,INJURY_RESERVE,WR,2026-09-28T17:31:09+00:00
4570738,Ke'Shawn Williams,keshawn williams,WR,CIN,6,0.0,169.93,espn,1322,0.0,0.04,ACTIVE,WR,2026-09-28T17:31:09+00:00
2972515,Cooper Rush,cooper rush,QB,ATL,11,0.0,169.9,espn,1328,0.0,0.11,OUT,QB,2026-09-28T17:31:09+00:00
3116407,Mason Rudolph,mason rudolph,QB,PIT,9,0.0,169.95,espn,1332,0.0,0.05,ACTIVE,QB,2026-09-28T17:31:09+00:00
4040761,Devin Singletary,devin singletary,RB,NYG,8,0.0,169.8,espn,1334,0.01,9.16,OUT,RB,2026-09-28T17:31:09+00:00
3895856,Christian Kirk,christian kirk,WR,SF,8,0.0,169.8,espn,1335,0.0,0.7,INJURY_RESERVE,WR,2026-09-28T17:31:09+00:00
2573079,Carson Wentz,carson wentz,QB,MIN,6,0.0,169.77,espn,1337,0.0,2.44,ACTIVE,QB,2026-09-28T17:31:09+00:00
14012,Andy Dalton,andy dalton,QB,PHI,10,0.0,169.96,espn,1338,0.0,0.05,ACTIVE,QB,2026-09-28T17:31:09+00:00
4424106,Gunner Olszewski,gunner olszewski,WR,NYG,8,0.0,169.95,espn,1341,0.0,0.02,INJURY_RESERVE,WR,2026-09-28T17:31:09+00:00
4243389,Calvin Austin III,calvin austin,WR,NYG,8,0.0,169.96,espn,1359,0.0,0.05,INJURY_RESERVE,WR,2026-09-28T17:31:09+00:00
4241374,Grant Calcaterra,grant calcaterra,TE,PHI,10,0.0,169.98,espn,1360,0.0,0.02,INJURY_RESERVE,TE,2026-09-28T17:31:09+00:00
4361438,Cole Turner,cole turner,TE,MIA,6,0.0,169.97,espn,1361,0.0,0.01,INJURY_RESERVE,TE,2026-09-28T17:31:09+00:00
4367567,Julius Chestnut,julius chestnut,RB,TEN,9,0.0,169.9,espn,1365,0.0,0.04,ACTIVE,RB,2026-09-28T17:31:09+00:00
4428085,Luke Musgrave,luke musgrave,TE,GB,11,0.0,169.97,espn,1370,0.0,0.07,OUT,TE,2026-09-28T17:31:09+00:00
4259553,Stetson Bennett IV,stetson bennett,QB,LAR,11,0.0,169.89,espn,1371,0.0,0.06,ACTIVE,QB,2026-09-28T17:31:09+00:00
4260394,Aidan O'Connell,aidan oconnell,QB,LV,13,0.0,169.96,espn,1376,0.0,0.02,OUT,QB,2026-09-28T17:31:09+00:00
4365395,Julian Hill,julian hill,TE,NE,11,0.0,169.97,espn,1379,0.0,0.01,INJURY_RESERVE,TE,2026-09-28T17:31:09+00:00
4373030,Ben Sims,ben sims,TE,FA,0,0.0,169.99,espn,1381,0.0,0.01,QUESTIONABLE,TE,2026-09-28T17:31:09+00:00
4428209,Ricky Pearsall,ricky pearsall,WR,SF,8,0.0,169.92,espn,1387,0.0,2.39,INJURY_RESERVE,WR,2026-09-28T17:31:09+00:00
4696700,Tip Reiman,tip reiman,TE,ARI,14,0.0,169.97,espn,1388,0.0,0.01,OUT,TE,2026-09-28T17:31:09+00:00
4372561,Isaac Guerendo,isaac guerendo,RB,SF,8,0.0,169.96,espn,1389,0.0,0.11,OUT,RB,2026-09-28T17:31:09+00:00
4573697,Mason Tipton,mason tipton,WR,NO,8,0.0,169.98,espn,1394,0.0,0.02,OUT,WR,2026-09-28T17:31:09+00:00
4241476,Tyrell Shavers,tyrell shavers,WR,BUF,7,0.0,169.93,espn,1400,0.0,0.04,OUT,WR,2026-09-28T17:31:09+00:00
4698191,Chris Collier,chris collier,RB,LV,13,0.0,169.99,espn,1401,0.0,0.01,INJURY_RESERVE,RB,2026-09-28T17:31:09+00:00
4877706,Jayden Higgins,jayden higgins,WR,HOU,8,0.0,169.92,espn,1402,0.0,2.59,INJURY_RESERVE,WR,2026-09-28T17:31:09+00:00
4685350,Trevor Etienne,trevor etienne,RB,CAR,5,0.0,169.9,espn,1403,0.0,0.3,INJURY_RESERVE,RB,2026-09-28T17:31:09+00:00
4432775,Dont'e Thornton Jr.,donte thornton,WR,LV,13,0.0,169.93,espn,1406,0.0,0.06,INJURY_RESERVE,WR,2026-09-28T17:31:09+00:00
4429955,Will Howard,will howard,QB,PIT,9,0.0,169.91,espn,1417,0.0,0.06,OUT,QB,2026-09-28T17:31:09+00:00
4429435,Brady Cook,brady cook,QB,MIA,6,0.0,169.93,espn,1420,0.0,0.02,OUT,QB,2026-09-28T17:31:09+00:00
4602788,Jackson Meeks,jackson meeks,TE,DET,6,0.0,169.96,espn,1425,0.0,0.02,ACTIVE,TE,2026-09-28T17:31:09+00:00
4360637,Jeshaun Jones,jeshaun jones,WR,MIN,6,0.0,169.89,espn,1430,0.0,0.02,SUSPENSION,WR,2026-09-28T17:31:09+00:00
5091739,Chris Brazzell II,chris brazzell,WR,CAR,5,0.0,169.9,espn,1431,0.0,0.09,INJURY_RESERVE,WR,2026-09-28T17:31:09+00:00
4605951,CJ Daniels,cj daniels,WR,LAR,11,0.0,169.89,espn,1432,0.0,0.06,OUT,WR,2026-09-28T17:31:09+00:00
4565859,Joe Royer,joe royer,TE,CLE,11,0.0,169.96,espn,1433,0.0,0.02,OUT,TE,2026-09-28T17:31:09+00:00
4912052,Justin Joly,justin joly,TE,MIA,6,0.0,169.97,espn,1434,0.0,0.04,ACTIVE,TE,2026-09-28T17:31:09+00:00
4600597,Montorie Foster Jr.,montorie foster,WR,SEA,11,0.0,169.95,espn,1449,0.0,0.05,OUT,WR,2026-09-28T17:31:09+00:00
3118892,Justin Watson,justin watson,WR,FA,0,0.0,169.95,espn,1599,0.0,0.02,ACTIVE,WR,2026-09-28T17:31:09+00:00
3916945,Darius Slayton,darius slayton,WR,IND,13,0.0,169.95,espn,1677,0.02,0.59,OUT,WR,2026-09-28T17:31:09+00:00
3059989,Nick Mullens,nick mullens,QB,JAX,7,0.0,170.0,espn,1680,0.0,0.02,ACTIVE,QB,2026-09-28T17:31:09+00:00
4037235,Greg Dortch,greg dortch,WR,BUF,7,0.0,169.97,espn,1704,0.0,0.04,ACTIVE,WR,2026-09-28T17:31:09+00:00
4212909,David Moore,david moore,WR,CAR,5,0.0,169.98,espn,1717,0.0,0.02,ACTIVE,WR,2026-09-28T17:31:09+00:00
3120348,JuJu Smith-Schuster,juju smith schuster,WR,FA,0,0.0,169.92,espn,1734,0.0,0.04,ACTIVE,WR,2026-09-28T17:31:09+00:00
