player_id,name,pass_yds,pass_td,interceptions,rush_att,rush_yds,rush_td,rec_yds,rec_td,receptions,targets,fumbles_lost
4429795,Jahmyr Gibbs,0.0,0.0,0.0,292.63,1411.43,15.09,526.8,3.34,63.57,80.79,1.28
4430807,Bijan Robinson,0.0,0.0,0.0,237.56,1101.62,6.97,544.73,3.19,57.62,76.73,1.3
4362628,Ja'Marr Chase,0.0,0.0,0.0,3.31,17.74,0.14,1220.65,9.0,102.99,143.52,0.81
4426515,Puka Nacua,0.0,0.0,0.0,11.1,65.9,0.82,1344.84,8.42,99.51,144.61,0.76
4242335,Jonathan Taylor,0.0,0.0,0.0,287.9,1308.61,13.04,329.27,1.3,40.12,50.33,1.27
4430878,Jaxon Smith-Njigba,0.0,0.0,0.0,3.78,20.59,0.17,1361.75,8.4,100.81,141.53,1.0
3117251,Christian McCaffrey,0.0,0.0,0.0,213.59,929.06,7.74,562.87,3.78,67.16,86.29,0.95
4374302,Amon-Ra St. Brown,0.0,0.0,0.0,1.9,10.02,0.1,1242.3,9.59,104.98,143.62,0.73
4379399,James Cook III,0.0,0.0,0.0,261.43,1220.3,9.57,234.96,1.43,29.22,37.51,1.55
4241389,CeeDee Lamb,0.0,0.0,0.0,1.85,10.55,0.1,1033.12,7.77,85.02,118.89,0.54
4262921,Justin Jefferson,0.0,0.0,0.0,1.75,9.11,0.07,1166.34,7.96,95.43,136.81,0.59
4429160,De'Von Achane,0.0,0.0,0.0,199.29,981.1,4.03,410.72,2.3,50.48,65.92,0.74
4685382,Omarion Hampton,0.0,0.0,0.0,224.71,951.97,6.91,114.8,0.46,17.48,22.06,0.84
4362238,Chase Brown,0.0,0.0,0.0,241.92,1035.09,7.67,316.78,1.99,50.97,62.19,1.11
3929630,Saquon Barkley,0.0,0.0,0.0,246.7,1151.04,7.35,294.95,2.09,35.0,47.49,0.83
3043078,Derrick Henry,0.0,0.0,0.0,292.8,1389.07,12.05,184.36,1.04,20.43,26.33,1.36
4890973,Ashton Jeanty,0.0,0.0,0.0,247.61,958.8,7.35,464.33,2.48,60.64,80.78,1.09
4426502,Drake London,0.0,0.0,0.0,3.6,18.86,0.18,1074.49,6.01,81.29,130.89,0.75
4870808,Jeremiyah Love,0.0,0.0,0.0,211.21,902.88,6.72,287.1,1.24,38.98,51.64,1.02
4047646,A.J. Brown,0.0,0.0,0.0,0.0,0.0,0.0,715.01,3.79,52.91,76.03,0.35
4361307,Trey McBride,0.0,0.0,0.0,0.0,0.0,0.0,928.13,7.08,100.09,136.14,0.44
4432665,Brock Bowers,0.0,0.0,0.0,3.54,7.53,0.13,883.63,5.79,84.9,116.69,0.3
4258173,Nico Collins,0.0,0.0,0.0,1.74,9.69,0.06,996.63,6.48,76.98,111.55,0.6
4361370,Chris Olave,0.0,0.0,0.0,0.0,0.0,0.0,1032.28,6.72,80.14,116.19,0.55
4428331,Rashee Rice,0.0,0.0,0.0,3.55,18.05,0.2,881.15,7.02,75.98,105.44,0.88
3918298,Josh Allen,3416.16,22.8,8.59,104.66,500.82,11.0,0.0,0.0,0.0,0.0,3.62
4426354,George Pickens,0.0,0.0,0.0,0.0,0.0,0.0,944.3,6.71,67.78,105.17,0.76
4567048,Kenneth Walker III,0.0,0.0,0.0,262.39,1158.23,9.84,393.44,2.59,46.18,61.51,0.84
4569618,Garrett Wilson,0.0,0.0,0.0,1.81,9.27,0.08,953.58,5.89,81.61,115.86,0.89
4427366,Breece Hall,0.0,0.0,0.0,235.89,997.4,7.1,324.49,1.64,40.47,47.2,1.21
4361579,Javonte Williams,0.0,0.0,0.0,251.92,1030.23,9.61,213.52,1.2,35.39,45.73,1.08
4430737,Kyren Williams,0.0,0.0,0.0,173.84,785.1,8.22,202.73,1.98,32.25,41.98,0.84
4595348,Malik Nabers,0.0,0.0,0.0,0.0,0.0,0.0,915.63,4.71,67.11,118.48,0.56
4241478,DeVonta Smith,0.0,0.0,0.0,0.0,0.0,0.0,992.95,5.64,81.8,110.8,0.51
4239996,Travis Etienne Jr.,0.0,0.0,0.0,199.66,829.32,5.62,240.33,1.39,30.51,40.0,0.74
4685472,Tetairoa McMillan,0.0,0.0,0.0,0.0,0.0,0.0,931.94,5.46,61.24,105.47,0.59
4429615,Zay Flowers,0.0,0.0,0.0,8.13,46.05,0.39,1061.67,5.41,69.07,97.78,0.84
4567750,Emeka Egbuka,0.0,0.0,0.0,1.76,9.3,0.07,908.62,5.77,56.37,102.01,0.47
4685702,Quinshon Judkins,0.0,0.0,0.0,241.5,921.84,6.03,203.4,0.67,29.4,37.91,0.55
4612826,Ladd McConkey,0.0,0.0,0.0,0.0,0.0,0.0,744.54,4.22,63.59,92.64,0.46
4239993,Tee Higgins,0.0,0.0,0.0,0.0,0.0,0.0,869.35,6.51,62.46,100.47,0.38
4723086,Colston Loveland,0.0,0.0,0.0,0.0,0.0,0.0,604.59,4.43,51.71,79.52,0.28
3916387,Lamar Jackson,3411.33,23.14,7.45,95.29,568.83,3.46,0.0,0.0,0.0,0.0,3.58
16800,Davante Adams,0.0,0.0,0.0,0.0,0.0,0.0,917.24,8.22,64.46,107.29,0.35
4696981,Cam Skattebo,0.0,0.0,0.0,220.86,933.99,6.86,271.92,0.91,36.45,50.13,1.01
4259545,D'Andre Swift,0.0,0.0,0.0,202.82,888.83,6.28,248.42,0.85,30.31,37.67,0.89
4882093,Bhayshul Tuten,0.0,0.0,0.0,197.37,849.32,6.15,181.85,1.0,24.02,32.25,1.14
4372016,Jaylen Waddle,0.0,0.0,0.0,1.66,9.13,0.06,877.12,4.21,70.2,103.5,0.61
4596448,Bucky Irving,0.0,0.0,0.0,246.46,1121.96,6.66,303.62,1.69,41.99,48.79,0.98
3121422,Terry McLaurin,0.0,0.0,0.0,0.0,0.0,0.0,881.99,5.02,60.31,96.93,0.48
3915416,DJ Moore,0.0,0.0,0.0,5.77,29.66,0.31,877.94,5.5,63.41,95.87,0.54
4431459,Tyler Warren,0.0,0.0,0.0,5.54,19.78,0.49,699.97,5.48,67.92,93.46,0.49
4426388,Jameson Williams,0.0,0.0,0.0,5.7,36.76,0.6,700.29,4.37,44.2,71.81,0.3
4431299,Rome Odunze,0.0,0.0,0.0,0.0,0.0,0.0,714.24,5.56,42.19,79.52,0.44
4426348,Jayden Daniels,2777.16,14.43,6.48,99.4,579.6,3.19,0.0,0.0,0.0,0.0,2.69
4431452,Drake Maye,3477.06,20.89,11.69,84.9,470.05,2.72,0.0,0.0,0.0,0.0,4.39
4035538,David Montgomery,0.0,0.0,0.0,198.66,845.56,6.74,184.94,0.63,25.94,31.23,0.92
4685512,Jadarian Price,0.0,0.0,0.0,156.19,675.01,5.55,176.89,1.03,22.16,29.14,0.72
4685278,Luther Burden III,0.0,0.0,0.0,7.38,38.72,0.27,775.48,3.49,61.08,92.08,0.55
4432710,TreVeyon Henderson,0.0,0.0,0.0,154.2,679.44,5.32,146.82,0.73,21.3,25.57,0.52
4871023,Carnell Tate,0.0,0.0,0.0,0.0,0.0,0.0,888.29,3.47,63.35,102.25,0.65
16737,Mike Evans,0.0,0.0,0.0,0.0,0.0,0.0,840.12,5.81,58.79,90.6,0.42
4432708,Marvin Harrison Jr.,0.0,0.0,0.0,0.0,0.0,0.0,407.6,2.59,29.67,56.33,0.26
3915511,Joe Burrow,3549.95,27.46,8.48,43.08,162.57,1.34,0.0,0.0,0.0,0.0,2.46
4569173,Rhamondre Stevenson,0.0,0.0,0.0,144.15,589.99,5.06,300.21,1.77,38.05,46.88,1.01
4040715,Jalen Hurts,3249.19,20.03,9.07,87.58,384.49,7.02,0.0,0.0,0.0,0.0,3.46
4035687,Michael Pittman Jr.,0.0,0.0,0.0,0.0,0.0,0.0,596.79,2.61,60.04,88.48,0.44
3916148,Tony Pollard,0.0,0.0,0.0,212.86,923.4,4.32,164.2,0.43,27.78,35.56,1.1
5083076,Harold Fannin Jr.,0.0,0.0,0.0,3.5,7.42,0.15,642.49,2.73,64.62,92.66,0.47
4360248,Kyle Pitts Sr.,0.0,0.0,0.0,0.0,0.0,0.0,522.71,2.34,43.76,67.7,0.15
4047650,DK Metcalf,0.0,0.0,0.0,0.0,0.0,0.0,715.26,4.54,47.13,88.48,0.35
3040151,George Kittle,0.0,0.0,0.0,0.0,0.0,0.0,870.48,6.05,69.01,90.6,0.33
3128429,Courtland Sutton,0.0,0.0,0.0,0.0,0.0,0.0,671.75,5.5,53.68,89.38,0.38
4248528,Christian Watson,0.0,0.0,0.0,1.74,9.31,0.07,949.38,7.19,57.92,104.68,0.55
2577417,Dak Prescott,3510.13,26.34,9.25,45.18,191.96,1.96,0.0,0.0,0.0,0.0,3.04
4432620,Parker Washington,0.0,0.0,0.0,1.7,8.36,0.06,996.6,5.61,74.75,119.77,0.85
4569987,Jaylen Warren,0.0,0.0,0.0,182.82,824.16,4.4,324.45,1.75,44.95,55.88,0.9
4430027,Sam LaPorta,0.0,0.0,0.0,0.0,0.0,0.0,606.38,5.49,60.55,80.79,0.29
4371733,Kenny Gainwell,0.0,0.0,0.0,63.38,272.32,1.8,279.4,1.35,44.43,53.22,0.52
4689114,Jaxson Dart,0.0,0.0,0.0,0.0,0.0,0.0,0.0,0.0,0.0,0.0,0.0
4047365,Josh Jacobs,0.0,0.0,0.0,164.35,675.19,6.35,163.45,0.78,22.09,29.18,0.9
4569587,Wan'Dale Robinson,0.0,0.0,0.0,3.27,19.09,0.12,606.73,0.97,62.84,88.91,0.45
4678008,Jonathon Brooks,0.0,0.0,0.0,0.0,0.0,0.0,0.0,0.0,0.0,0.0,0.0
4038941,Justin Herbert,3260.42,17.13,10.47,62.99,306.44,1.96,0.0,0.0,0.0,0.0,3.12
4360761,Michael Wilson,0.0,0.0,0.0,0.0,0.0,0.0,896.43,3.64,71.28,117.36,0.44
4429023,MarShawn Lloyd,0.0,0.0,0.0,37.49,160.2,1.44,26.27,0.16,4.02,5.23,0.17
4431611,Caleb Williams,2813.9,16.6,7.1,56.98,331.68,2.22,0.0,0.0,0.0,0.0,2.98
4038815,Rico Dowdle,0.0,0.0,0.0,151.18,664.29,3.68,148.72,0.81,20.42,27.94,0.64
2976212,Stefon Diggs,0.0,0.0,0.0,0.0,0.0,0.0,701.9,2.81,68.01,92.71,0.46
4360078,Alec Pierce,0.0,0.0,0.0,0.0,0.0,0.0,559.97,3.23,36.67,63.15,0.3
4572680,Tucker Kraft,0.0,0.0,0.0,1.74,3.99,0.07,564.79,2.39,52.1,72.82,0.33
4241416,Chuba Hubbard,0.0,0.0,0.0,226.0,948.16,5.95,261.88,1.59,40.05,48.34,1.01
3916433,Jakobi Meyers,0.0,0.0,0.0,3.4,18.55,0.18,624.8,4.91,55.34,82.92,0.47
4360310,Trevor Lawrence,3471.43,22.83,10.89,55.94,253.19,3.8,0.0,0.0,0.0,0.0,3.21
3042519,Aaron Jones Sr.,0.0,0.0,0.0,153.85,674.7,4.43,256.08,1.7,33.07,44.13,0.96
4432773,Brian Thomas Jr.,0.0,0.0,0.0,1.7,9.73,0.08,560.47,3.42,37.93,64.49,0.2
4361741,Brock Purdy,3628.84,24.36,11.28,57.77,274.4,3.16,0.0,0.0,0.0,0.0,3.12
4697815,Rachaad White,0.0,0.0,0.0,93.12,389.78,2.96,253.21,1.51,38.62,42.14,0.46
4241985,J.K. Dobbins,0.0,0.0,0.0,190.33,852.5,6.15,116.05,0.51,18.26,23.52,0.42
4608686,Kyle Monangai,0.0,0.0,0.0,129.07,561.19,3.63,173.83,0.9,21.48,29.3,0.31
15847,Travis Kelce,0.0,0.0,0.0,0.0,0.0,0.0,689.95,4.3,62.94,87.87,0.44
4701936,Matthew Golden,0.0,0.0,0.0,5.21,28.35,0.21,802.89,4.11,61.36,100.13,0.67
3116165,Chris Godwin Jr.,0.0,0.0,0.0,5.28,30.4,0.25,448.43,2.63,40.25,57.66,0.41
4429205,Jordan Addison,0.0,0.0,0.0,1.75,11.09,0.11,744.15,5.47,57.25,92.67,0.42
4688813,Josh Downs,0.0,0.0,0.0,1.85,9.64,0.09,690.11,3.03,64.45,91.01,0.51
3121023,Dallas Goedert,0.0,0.0,0.0,0.0,0.0,0.0,603.88,4.16,56.57,73.28,0.31
4568490,RJ Harvey,0.0,0.0,0.0,76.93,309.46,2.54,325.79,1.93,43.74,55.42,0.39
3139477,Patrick Mahomes,3374.59,24.94,9.53,53.45,282.36,2.49,0.0,0.0,0.0,0.0,2.6
4373678,Khalil Shakir,0.0,0.0,0.0,1.92,10.37,0.1,633.04,3.56,56.11,75.03,0.48
4429096,Blake Corum,0.0,0.0,0.0,166.45,745.56,6.01,73.93,0.37,10.65,13.99,0.35
4426338,Bo Nix,3374.82,20.59,10.04,67.57,275.12,2.51,0.0,0.0,0.0,0.0,2.64
12483,Matthew Stafford,3682.98,29.46,9.12,22.91,31.35,0.62,0.0,0.0,0.0,0.0,3.02
4242355,Jake Ferguson,0.0,0.0,0.0,0.0,0.0,0.0,412.14,4.3,48.85,64.02,0.55
4870795,Makai Lemon,0.0,0.0,0.0,3.8,20.46,0.18,358.14,2.33,25.99,40.45,0.3
4361050,Isaiah Likely,0.0,0.0,0.0,0.0,0.0,0.0,734.44,4.32,68.94,100.25,0.57
4429025,Quentin Johnston,0.0,0.0,0.0,3.35,17.6,0.11,668.62,3.52,43.72,79.73,0.38
4575131,Jacory Croskey-Merritt,0.0,0.0,0.0,189.57,821.53,6.81,67.57,0.32,9.96,12.64,1.41
4362249,Jayden Reed,0.0,0.0,0.0,4.98,35.47,0.3,386.24,2.08,35.51,51.88,0.44
3116365,Mark Andrews,0.0,0.0,0.0,0.0,0.0,0.0,588.21,5.86,56.39,75.22,0.43
4710714,De'Zhaun Stribling,0.0,0.0,0.0,0.0,0.0,0.0,0.0,0.0,0.0,0.0,0.0
3917315,Kyler Murray,3265.81,22.19,10.37,66.82,427.57,3.42,0.0,0.0,0.0,0.0,3.31
4683062,Xavier Worthy,0.0,0.0,0.0,7.09,39.4,0.49,588.34,4.74,42.85,70.29,0.25
4361432,Romeo Doubs,0.0,0.0,0.0,0.0,0.0,0.0,537.88,3.62,40.07,60.28,0.4
4695883,Jalen Coker,0.0,0.0,0.0,0.0,0.0,0.0,815.57,4.48,71.48,96.68,0.69
4385690,Dalton Kincaid,0.0,0.0,0.0,0.0,0.0,0.0,706.1,3.75,60.05,83.37,0.46
4428557,Tyjae Spears,0.0,0.0,0.0,75.32,327.57,1.85,274.23,1.09,35.86,44.46,0.32
4360689,Tyler Shough,3425.33,23.21,9.51,61.9,249.65,4.09,0.0,0.0,0.0,0.0,2.8
4429059,Woody Marks,0.0,0.0,0.0,118.5,466.74,2.14,180.55,1.07,23.5,31.23,0.55
3126486,Deebo Samuel Sr.,0.0,0.0,0.0,18.41,91.82,0.98,635.0,4.03,48.14,69.03,0.71
3046779,Jared Goff,3610.59,27.6,8.51,24.68,35.82,0.82,0.0,0.0,0.0,0.0,2.98
4360569,Jordan Mason,0.0,0.0,0.0,152.26,706.61,5.26,81.23,0.4,12.47,15.18,0.92
4870653,KC Concepcion,0.0,0.0,0.0,14.0,74.15,0.47,670.34,3.55,52.92,84.24,0.66
4430834,Jalen McMillan,0.0,0.0,0.0,3.52,20.01,0.15,237.83,2.14,20.32,31.05,0.19
4366031,Tank Dell,0.0,0.0,0.0,0.0,0.0,0.0,0.0,0.0,0.0,0.0,0.0
4426385,Zach Charbonnet,0.0,0.0,0.0,142.77,601.16,7.0,167.21,0.53,22.85,29.43,0.34
4361529,Isiah Pacheco,0.0,0.0,0.0,0.0,0.0,0.0,0.0,0.0,0.0,0.0,0.0
3052587,Baker Mayfield,3311.22,20.53,9.85,51.27,273.66,2.03,0.0,0.0,0.0,0.0,3.86
4702555,Jonah Coleman,0.0,0.0,0.0,13.19,55.95,0.41,41.06,0.24,5.8,7.34,0.08
4362619,Chris Rodriguez Jr.,0.0,0.0,0.0,91.88,402.81,3.23,25.58,0.16,3.52,4.61,0.25
3917792,Daniel Jones,3140.68,17.66,10.69,48.07,200.65,2.78,0.0,0.0,0.0,0.0,3.68
3929645,Juwan Johnson,0.0,0.0,0.0,0.0,0.0,0.0,576.84,4.04,52.32,72.38,0.49
3054850,Alvin Kamara,0.0,0.0,0.0,101.64,412.49,3.04,163.18,0.63,25.5,31.11,0.51
4373626,Tyler Allgeier,0.0,0.0,0.0,85.11,347.66,2.85,211.27,0.73,29.06,37.56,0.24
4685415,Travis Hunter,0.0,0.0,0.0,3.4,18.3,0.13,32.98,0.22,2.82,4.61,0.06
5081397,Dylan Sampson,0.0,0.0,0.0,0.0,0.0,0.0,0.0,0.0,0.0,0.0,0.0
4596334,Keaton Mitchell,0.0,0.0,0.0,70.43,332.83,1.72,125.65,0.56,16.85,22.06,0.39
3046439,Hunter Henry,0.0,0.0,0.0,0.0,0.0,0.0,528.59,4.19,49.87,68.19,0.2
4036133,T.J. Hockenson,0.0,0.0,0.0,0.0,0.0,0.0,460.07,2.44,55.16,70.61,0.24
4686658,Mike Washington Jr.,0.0,0.0,0.0,63.67,270.22,1.91,25.22,0.14,3.45,4.49,0.27
15818,Keenan Allen,0.0,0.0,0.0,0.0,0.0,0.0,556.38,2.97,55.63,80.25,0.58
3116389,Samaje Perine,0.0,0.0,0.0,56.34,246.23,1.93,149.33,0.69,20.22,23.92,0.52
4036378,Jordan Love,3466.78,20.29,9.89,33.94,141.04,1.4,0.0,0.0,0.0,0.0,3.49
4241474,Brian Robinson Jr.,0.0,0.0,0.0,107.98,459.4,3.42,52.33,0.28,7.1,9.03,0.39
4570037,Terrance Ferguson,0.0,0.0,0.0,0.0,0.0,0.0,480.7,4.58,41.22,65.31,0.28
4032473,Rashid Shaheed,0.0,0.0,0.0,7.57,43.29,0.3,540.88,2.93,32.82,58.28,0.44
4832800,Denzel Boston,0.0,0.0,0.0,0.0,0.0,0.0,707.75,3.73,55.57,88.45,0.57
4241463,Jerry Jeudy,0.0,0.0,0.0,0.0,0.0,0.0,315.77,1.47,24.59,42.12,0.22
3925357,Calvin Ridley,0.0,0.0,0.0,0.0,0.0,0.0,173.54,0.96,12.2,22.23,0.11
4597500,Adonai Mitchell,0.0,0.0,0.0,1.81,9.32,0.08,734.95,4.48,45.27,81.53,0.52
4869645,Caleb Douglas,0.0,0.0,0.0,0.0,0.0,0.0,618.69,2.04,41.38,69.39,0.42
4242512,Malik Willis,3180.29,11.07,8.86,86.26,440.9,2.58,0.0,0.0,0.0,0.0,5.2
4880281,Jordyn Tyson,0.0,0.0,0.0,0.0,0.0,0.0,474.02,3.59,34.03,54.0,0.35
4428718,Tre Tucker,0.0,0.0,0.0,3.54,19.53,0.14,607.61,3.14,42.79,71.81,0.23
4382466,Jalen Nailor,0.0,0.0,0.0,1.77,9.22,0.07,430.81,3.03,31.52,53.86,0.32
4685247,Braelon Allen,0.0,0.0,0.0,90.73,372.99,3.05,126.46,0.65,16.88,21.46,0.42
4429013,Tank Bigsby,0.0,0.0,0.0,56.93,250.42,2.43,23.47,0.11,3.01,3.96,0.29
5083315,Kenyon Sadiq,0.0,0.0,0.0,1.81,4.87,0.12,511.21,2.89,54.16,68.66,0.38
4360939,Rashod Bateman,0.0,0.0,0.0,0.0,0.0,0.0,532.53,3.78,35.06,56.41,0.29
4428850,Dontayvion Wicks,0.0,0.0,0.0,0.0,0.0,0.0,634.45,3.66,45.21,71.52,0.51
4569559,Devaughn Vele,0.0,0.0,0.0,0.0,0.0,0.0,422.61,3.58,39.92,57.77,0.33
4586312,Jaylin Noel,0.0,0.0,0.0,6.97,37.75,0.2,201.3,1.01,16.97,26.77,0.23
4429501,Ray Davis,0.0,0.0,0.0,19.22,80.9,0.63,24.17,0.23,3.23,4.17,0.11
4241457,Najee Harris,0.0,0.0,0.0,99.74,408.6,2.66,94.59,0.21,13.39,18.23,0.33
-16034,Texans D/ST,0.0,0.0,0.0,0.0,0.0,0.0,0.0,0.0,0.0,0.0,0.0
-16007,Broncos D/ST,0.0,0.0,0.0,0.0,0.0,0.0,0.0,0.0,0.0,0.0,0.0
-16023,Steelers D/ST,0.0,0.0,0.0,0.0,0.0,0.0,0.0,0.0,0.0,0.0,0.0
-16026,Seahawks D/ST,0.0,0.0,0.0,0.0,0.0,0.0,0.0,0.0,0.0,0.0,0.0
-16014,Rams D/ST,0.0,0.0,0.0,0.0,0.0,0.0,0.0,0.0,0.0,0.0,0.0
-16033,Ravens D/ST,0.0,0.0,0.0,0.0,0.0,0.0,0.0,0.0,0.0,0.0,0.0
-16021,Eagles D/ST,0.0,0.0,0.0,0.0,0.0,0.0,0.0,0.0,0.0,0.0,0.0
-16005,Browns D/ST,0.0,0.0,0.0,0.0,0.0,0.0,0.0,0.0,0.0,0.0,0.0
-16017,Patriots D/ST,0.0,0.0,0.0,0.0,0.0,0.0,0.0,0.0,0.0,0.0,0.0
-16008,Lions D/ST,0.0,0.0,0.0,0.0,0.0,0.0,0.0,0.0,0.0,0.0,0.0
-16012,Chiefs D/ST,0.0,0.0,0.0,0.0,0.0,0.0,0.0,0.0,0.0,0.0,0.0
-16024,Chargers D/ST,0.0,0.0,0.0,0.0,0.0,0.0,0.0,0.0,0.0,0.0,0.0
3953687,Brandon Aubrey,0.0,0.0,0.0,0.0,0.0,0.0,0.0,0.0,0.0,0.0,0.0
4362081,Cameron Dicker,0.0,0.0,0.0,0.0,0.0,0.0,0.0,0.0,0.0,0.0,0.0
2473037,Jason Myers,0.0,0.0,0.0,0.0,0.0,0.0,0.0,0.0,0.0,0.0,0.0
4574716,Harrison Mevis,0.0,0.0,0.0,0.0,0.0,0.0,0.0,0.0,0.0,0.0,0.0
2971573,Ka'imi Fairbairn,0.0,0.0,0.0,0.0,0.0,0.0,0.0,0.0,0.0,0.0,0.0
4034949,Eddy Pineiro,0.0,0.0,0.0,0.0,0.0,0.0,0.0,0.0,0.0,0.0,0.0
3055899,Harrison Butker,0.0,0.0,0.0,0.0,0.0,0.0,0.0,0.0,0.0,0.0,0.0
4686361,Cam Little,0.0,0.0,0.0,0.0,0.0,0.0,0.0,0.0,0.0,0.0,0.0
4689936,Jake Bates,0.0,0.0,0.0,0.0,0.0,0.0,0.0,0.0,0.0,0.0,0.0
4697745,Tyler Loop,0.0,0.0,0.0,0.0,0.0,0.0,0.0,0.0,0.0,0.0,0.0
17427,Cairo Santos,0.0,0.0,0.0,0.0,0.0,0.0,0.0,0.0,0.0,0.0,0.0
4567104,Will Reichard,0.0,0.0,0.0,0.0,0.0,0.0,0.0,0.0,0.0,0.0,0.0
4430539,Brenton Strange,0.0,0.0,0.0,0.0,0.0,0.0,463.8,3.57,46.05,64.49,0.31
4038441,Justice Hill,0.0,0.0,0.0,56.93,250.71,1.55,156.2,0.87,17.27,22.56,0.34
4696044,Kaelon Black,0.0,0.0,0.0,106.79,455.16,2.94,50.47,0.3,6.67,8.63,0.45
4870847,Ja'Kobi Lane,0.0,0.0,0.0,0.0,0.0,0.0,0.0,0.0,0.0,0.0,0.0
4432577,C.J. Stroud,3401.03,18.95,7.94,43.81,206.55,0.93,0.0,0.0,0.0,0.0,3.32
3912547,Sam Darnold,3416.15,21.28,10.27,37.24,100.89,0.94,0.0,0.0,0.0,0.0,3.92
3886598,Jauan Jennings,0.0,0.0,0.0,0.0,0.0,0.0,331.91,2.5,32.25,48.54,0.32
4682648,Malachi Fields,0.0,0.0,0.0,0.0,0.0,0.0,530.92,2.33,39.42,68.35,0.4
4685261,Germie Bernard,0.0,0.0,0.0,0.0,0.0,0.0,96.49,0.59,8.34,13.97,0.09
4686612,Tre' Harris,0.0,0.0,0.0,0.0,0.0,0.0,608.07,2.13,45.79,75.32,0.47
5083754,Ryan Flournoy,0.0,0.0,0.0,1.85,10.14,0.09,602.77,3.88,53.37,77.73,0.56
4361411,Pat Freiermuth,0.0,0.0,0.0,3.52,9.23,0.14,433.07,2.69,49.32,65.2,0.41
3117256,Dalton Schultz,0.0,0.0,0.0,0.0,0.0,0.0,544.46,2.15,55.49,75.85,0.34
4870612,Zachariah Branch,0.0,0.0,0.0,0.0,0.0,0.0,178.84,1.0,13.79,22.57,0.14
4723820,Omar Cooper Jr.,0.0,0.0,0.0,0.0,0.0,0.0,0.0,0.0,0.0,0.0,0.0
4429022,Kayshon Boutte,0.0,0.0,0.0,0.0,0.0,0.0,323.62,2.02,25.03,40.16,0.2
4569603,Malik Washington,0.0,0.0,0.0,10.55,59.51,0.35,709.72,1.87,54.54,85.58,0.67
4430968,Kimani Vidal,0.0,0.0,0.0,6.71,27.46,0.15,128.11,0.78,16.74,22.06,0.1
4682745,Jaylen Wright,0.0,0.0,0.0,36.03,148.46,0.59,36.01,0.14,4.68,6.36,0.3
4711533,Ollie Gordon II,0.0,0.0,0.0,70.67,283.42,1.52,39.92,0.18,5.25,6.94,0.24
4686728,Gunnar Helm,0.0,0.0,0.0,0.0,0.0,0.0,411.05,2.64,46.17,62.24,0.32
4360635,Chig Okonkwo,0.0,0.0,0.0,0.0,0.0,0.0,396.91,1.47,40.31,54.79,0.21
4576297,AJ Barner,0.0,0.0,0.0,3.78,12.66,0.37,412.08,3.27,43.69,58.28,0.42
4685720,Bryce Young,3358.21,21.29,9.85,47.62,251.57,2.33,0.0,0.0,0.0,0.0,3.5
4688380,Cam Ward,3178.34,12.8,7.13,41.43,179.75,2.11,0.0,0.0,0.0,0.0,4.1
2578570,Jacoby Brissett,3212.1,17.39,8.11,42.31,186.82,1.55,0.0,0.0,0.0,0.0,3.49
3915411,Ty Johnson,0.0,0.0,0.0,30.76,131.65,1.19,166.07,1.59,18.71,25.01,0.26
3149687,Chris Brooks,0.0,0.0,0.0,36.74,162.22,1.11,83.73,0.42,12.23,16.27,0.14
2977187,Cooper Kupp,0.0,0.0,0.0,0.0,0.0,0.0,405.46,2.54,32.07,49.95,0.28
4596602,Brashard Smith,0.0,0.0,0.0,0.0,0.0,0.0,24.22,0.18,3.27,4.39,0.02
4240603,Malik Davis,0.0,0.0,0.0,0.0,0.0,0.0,0.0,0.0,0.0,0.0,0.0
4430034,Xavier Legette,0.0,0.0,0.0,3.23,16.95,0.1,351.73,2.59,27.83,48.34,0.29
4361409,Jahan Dotson,0.0,0.0,0.0,0.0,0.0,0.0,428.84,2.38,32.79,58.67,0.23
4686422,Xavier Hutchinson,0.0,0.0,0.0,1.74,10.07,0.05,515.17,2.63,36.02,66.93,0.31
4249417,Jalen Tolbert,0.0,0.0,0.0,0.0,0.0,0.0,13.8,0.06,1.03,1.74,0.01
4869961,Chris Bell,0.0,0.0,0.0,0.0,0.0,0.0,503.5,1.68,34.14,57.24,0.35
4427095,DeMario Douglas,0.0,0.0,0.0,3.35,17.36,0.12,432.21,1.94,36.73,49.94,0.44
5081432,Antonio Williams,0.0,0.0,0.0,0.0,0.0,0.0,378.38,2.32,29.95,46.36,0.31
4362921,Tyquan Thornton,0.0,0.0,0.0,0.0,0.0,0.0,333.44,2.59,22.7,39.54,0.19
-16027,Buccaneers D/ST,0.0,0.0,0.0,0.0,0.0,0.0,0.0,0.0,0.0,0.0,0.0
-16009,Packers D/ST,0.0,0.0,0.0,0.0,0.0,0.0,0.0,0.0,0.0,0.0,0.0
17372,Chris Boswell,0.0,0.0,0.0,0.0,0.0,0.0,0.0,0.0,0.0,0.0,0.0
3150744,Chase McLaughlin,0.0,0.0,0.0,0.0,0.0,0.0,0.0,0.0,0.0,0.0,0.0
4832955,Emmett Johnson,0.0,0.0,0.0,67.37,283.04,2.27,102.8,0.67,13.49,17.57,0.33
4695404,Isaiah Davis,0.0,0.0,0.0,0.0,0.0,0.0,0.0,0.0,0.0,0.0,0.0
4383429,Jacob Saylors,0.0,0.0,0.0,0.0,0.0,0.0,0.0,0.0,0.0,0.0,0.0
4911851,LeQuint Allen Jr.,0.0,0.0,0.0,3.4,14.53,0.09,98.55,0.58,13.7,18.43,0.08
4429835,George Holani,0.0,0.0,0.0,9.7,40.08,0.4,30.93,0.14,3.95,5.36,0.06
4360516,Tyrone Tracy Jr.,0.0,0.0,0.0,7.12,31.06,0.13,24.18,0.11,3.27,4.56,0.05
4430871,Sean Tucker,0.0,0.0,0.0,10.56,45.34,0.43,0.0,0.0,0.0,0.0,0.07
4686468,Seth McGowan,0.0,0.0,0.0,44.29,188.56,1.62,24.07,0.12,3.41,4.19,0.19
4685397,Jordan James,0.0,0.0,0.0,0.0,0.0,0.0,0.0,0.0,0.0,0.0,0.0
4431545,Will Shipley,0.0,0.0,0.0,18.98,82.07,0.62,68.18,0.33,9.47,11.87,0.14
4887558,Emanuel Wilson,0.0,0.0,0.0,35.57,150.93,1.33,15.38,0.07,1.99,2.68,0.14
4362478,Emari Demercado,0.0,0.0,0.0,0.0,0.0,0.0,0.0,0.0,0.0,0.0,0.0
4635008,Keon Coleman,0.0,0.0,0.0,0.0,0.0,0.0,394.87,3.3,27.52,45.85,0.27
5123663,Isaac TeSlaa,0.0,0.0,0.0,0.0,0.0,0.0,368.79,3.56,27.19,44.88,0.28
-16030,Jaguars D/ST,0.0,0.0,0.0,0.0,0.0,0.0,0.0,0.0,0.0,0.0,0.0
-16018,Saints D/ST,0.0,0.0,0.0,0.0,0.0,0.0,0.0,0.0,0.0,0.0,0.0
4360234,Evan McPherson,0.0,0.0,0.0,0.0,0.0,0.0,0.0,0.0,0.0,0.0,0.0
10621,Nick Folk,0.0,0.0,0.0,0.0,0.0,0.0,0.0,0.0,0.0,0.0,0.0
4367209,Greg Dulcich,0.0,0.0,0.0,0.0,0.0,0.0,441.62,1.68,41.07,60.71,0.29
2576925,Darren Waller,0.0,0.0,0.0,0.0,0.0,0.0,357.97,2.82,34.86,48.34,0.17
4243331,Cade Otton,0.0,0.0,0.0,0.0,0.0,0.0,532.98,2.89,53.72,75.4,0.3
4600981,Pat Bryant,0.0,0.0,0.0,0.0,0.0,0.0,379.68,1.88,32.32,51.75,0.33
4686472,Marvin Mims Jr.,0.0,0.0,0.0,6.63,32.32,0.23,156.66,1.1,13.08,18.82,0.21
4368003,Andrei Iosivas,0.0,0.0,0.0,1.31,7.13,0.06,167.65,1.71,16.07,26.25,0.14
4685307,Kevin Coleman Jr.,0.0,0.0,0.0,0.0,0.0,0.0,234.11,0.52,16.46,28.33,0.17
4819231,Kaleb Johnson,0.0,0.0,0.0,76.3,321.2,2.48,66.13,0.42,10.24,13.03,0.35
4685555,Nicholas Singleton,0.0,0.0,0.0,16.37,70.32,0.4,0.0,0.0,0.0,0.0,0.06
15864,Geno Smith,3286.52,18.71,10.31,50.53,191.2,1.45,0.0,0.0,0.0,0.0,2.92
4837248,Fernando Mendoza,1823.16,10.82,5.97,30.54,133.47,1.31,0.0,0.0,0.0,0.0,1.96
8439,Aaron Rodgers,3191.63,17.53,8.74,26.22,106.45,0.81,0.0,0.0,0.0,0.0,3.02
3122840,Deshaun Watson,2980.67,14.49,8.77,81.59,420.24,2.11,0.0,0.0,0.0,0.0,3.9
3676833,KaVontae Turpin,0.0,0.0,0.0,14.82,89.01,0.45,74.62,0.63,6.01,9.15,0.2
4603186,Jack Bech,0.0,0.0,0.0,0.0,0.0,0.0,300.63,1.47,25.94,40.39,0.26
4597703,Tory Horton,0.0,0.0,0.0,0.0,0.0,0.0,138.4,1.17,10.22,16.65,0.1
5220680,Ted Hurst III,0.0,0.0,0.0,0.0,0.0,0.0,434.36,2.87,33.36,53.22,0.34
4599739,Kendre Miller,0.0,0.0,0.0,7.26,30.4,0.22,79.78,0.45,10.47,13.33,0.04
4429299,Tahj Brooks,0.0,0.0,0.0,0.0,0.0,0.0,0.0,0.0,0.0,0.0,0.0
4832846,Demond Claiborne,0.0,0.0,0.0,5.72,23.67,0.19,3.44,0.02,0.5,0.62,0.02
4690013,Rasheen Ali,0.0,0.0,0.0,0.0,0.0,0.0,0.0,0.0,0.0,0.0,0.0
4685246,Kaytron Allen,0.0,0.0,0.0,28.46,121.6,0.96,0.0,0.0,0.0,0.0,0.11
4874509,DJ Giddens,0.0,0.0,0.0,0.0,0.0,0.0,0.0,0.0,0.0,0.0,0.0
4912274,Sione Vaki,0.0,0.0,0.0,64.61,272.35,2.57,76.58,0.42,10.33,13.46,0.3
4035537,Kene Nwangwu,0.0,0.0,0.0,0.0,0.0,0.0,0.0,0.0,0.0,0.0,0.0
4040655,Darnell Mooney,0.0,0.0,0.0,3.56,19.31,0.13,421.39,1.61,28.33,54.68,0.26
-16020,Jets D/ST,0.0,0.0,0.0,0.0,0.0,0.0,0.0,0.0,0.0,0.0,0.0
-16025,49ers D/ST,0.0,0.0,0.0,0.0,0.0,0.0,0.0,0.0,0.0,0.0,0.0
4869461,Trey Smack,0.0,0.0,0.0,0.0,0.0,0.0,0.0,0.0,0.0,0.0,0.0
4571557,Spencer Shrader,0.0,0.0,0.0,0.0,0.0,0.0,0.0,0.0,0.0,0.0,0.0
3051876,Evan Engram,0.0,0.0,0.0,0.0,0.0,0.0,359.11,1.53,42.68,56.45,0.25
3123076,David Njoku,0.0,0.0,0.0,0.0,0.0,0.0,0.0,0.0,0.0,0.0,0.0
4595342,Oronde Gadsden,0.0,0.0,0.0,0.0,0.0,0.0,407.06,3.07,41.26,57.67,0.31
3116164,Mike Gesicki,0.0,0.0,0.0,0.0,0.0,0.0,357.27,3.89,39.34,52.62,0.22
4429086,Michael Mayer,0.0,0.0,0.0,0.0,0.0,0.0,333.59,1.69,34.56,49.37,0.24
2991662,Mack Hollins,0.0,0.0,0.0,0.0,0.0,0.0,408.5,2.53,34.19,48.12,0.28
4912218,Cyrus Allen,0.0,0.0,0.0,0.0,0.0,0.0,69.86,0.51,5.51,9.41,0.06
4241479,Tua Tagovailoa,0.0,0.0,0.0,0.0,0.0,0.0,0.0,0.0,0.0,0.0,0.0
-16006,Cowboys D/ST,0.0,0.0,0.0,0.0,0.0,0.0,0.0,0.0,0.0,0.0,0.0
-16011,Colts D/ST,0.0,0.0,0.0,0.0,0.0,0.0,0.0,0.0,0.0,0.0,0.0
-16016,Vikings D/ST,0.0,0.0,0.0,0.0,0.0,0.0,0.0,0.0,0.0,0.0,0.0
-16004,Bengals D/ST,0.0,0.0,0.0,0.0,0.0,0.0,0.0,0.0,0.0,0.0,0.0
4432762,Shedeur Sanders,0.0,0.0,0.0,0.0,0.0,0.0,0.0,0.0,0.0,0.0,0.0
14880,Kirk Cousins,1455.91,8.23,5.53,13.48,19.23,0.45,0.0,0.0,0.0,0.0,1.55
4427728,Bam Knight,0.0,0.0,0.0,0.0,0.0,0.0,0.0,0.0,0.0,0.0,0.0
4366963,Dylan Laube,0.0,0.0,0.0,0.0,0.0,0.0,0.0,0.0,0.0,0.0,0.0
4362748,Tyler Badie,0.0,0.0,0.0,1.36,5.72,0.04,17.16,0.08,2.29,3.1,0.02
2576336,Ameer Abdullah,0.0,0.0,0.0,10.21,45.43,0.28,45.44,0.31,7.38,9.21,0.08
4685526,Adam Randall,0.0,0.0,0.0,0.0,0.0,0.0,0.0,0.0,0.0,0.0,0.0
3045147,James Conner,0.0,0.0,0.0,0.0,0.0,0.0,0.0,0.0,0.0,0.0,0.0
5081508,Eli Heidenreich,0.0,0.0,0.0,0.0,0.0,0.0,0.0,0.0,0.0,0.0,0.0
4360423,Michael Penix Jr.,3395.54,18.3,7.98,32.75,129.01,1.63,0.0,0.0,0.0,0.0,3.38
4259147,Jake Tonges,0.0,0.0,0.0,0.0,0.0,0.0,0.0,0.0,0.0,0.0,0.0
4242557,Colby Parkinson,0.0,0.0,0.0,0.0,0.0,0.0,226.48,2.49,23.02,32.65,0.23
4427834,Erick All Jr.,0.0,0.0,0.0,0.0,0.0,0.0,89.24,0.75,10.63,14.35,0.07
4430802,Darnell Washington,0.0,0.0,0.0,0.0,0.0,0.0,243.92,1.55,25.84,37.26,0.24
4433970,J.J. McCarthy,0.0,0.0,0.0,0.0,0.0,0.0,0.0,0.0,0.0,0.0,0.0
4430841,Carson Beck,0.0,0.0,0.0,0.0,0.0,0.0,0.0,0.0,0.0,0.0,0.0
4362887,Justin Fields,0.0,0.0,0.0,0.0,0.0,0.0,0.0,0.0,0.0,0.0,0.0
11252,Joe Flacco,0.0,0.0,0.0,0.0,0.0,0.0,0.0,0.0,0.0,0.0,0.0
4241464,Mac Jones,0.0,0.0,0.0,0.0,0.0,0.0,0.0,0.0,0.0,0.0,0.0
4429275,Trey Benson,0.0,0.0,0.0,0.0,0.0,0.0,0.0,0.0,0.0,0.0,0.0
4693370,Riley Nowakowski,0.0,0.0,0.0,0.76,3.07,0.02,0.0,0.0,0.0,0.0,0.0
3930086,Dawson Knox,0.0,0.0,0.0,0.0,0.0,0.0,178.95,2.07,17.0,25.01,0.08
4678006,Elijah Arroyo,0.0,0.0,0.0,0.0,0.0,0.0,88.81,0.64,8.33,12.49,0.06
4808766,Mason Taylor,0.0,0.0,0.0,0.0,0.0,0.0,217.07,1.29,25.1,34.33,0.17
4429148,Theo Johnson,0.0,0.0,0.0,0.0,0.0,0.0,188.66,0.84,15.96,27.34,0.09
4258595,Cole Kmet,0.0,0.0,0.0,0.0,0.0,0.0,204.07,1.55,22.25,29.3,0.13
4431588,Ja'Tavion Sanders,0.0,0.0,0.0,0.0,0.0,0.0,0.0,0.0,0.0,0.0,0.0
4240472,Noah Gray,0.0,0.0,0.0,0.0,0.0,0.0,178.73,1.21,17.65,26.36,0.08
4431574,Eli Stowers,0.0,0.0,0.0,0.0,0.0,0.0,0.0,0.0,0.0,0.0,0.0
2573401,Tyler Higbee,0.0,0.0,0.0,0.0,0.0,0.0,62.99,0.48,6.53,9.33,0.04
4833029,Max Klare,0.0,0.0,0.0,0.0,0.0,0.0,0.0,0.0,0.0,0.0,0.0
3127310,Drew Sample,0.0,0.0,0.0,0.0,0.0,0.0,181.66,1.32,22.32,28.7,0.16
4831959,Eli Raridon,0.0,0.0,0.0,0.0,0.0,0.0,124.39,0.97,13.04,17.05,0.09
4685522,Ty Simpson,0.0,0.0,0.0,0.0,0.0,0.0,0.0,0.0,0.0,0.0,0.0
2969939,Jameis Winston,3268.14,15.43,15.37,37.37,130.63,1.4,0.0,0.0,0.0,0.0,3.45
4429084,Anthony Richardson Sr.,0.0,0.0,0.0,0.0,0.0,0.0,0.0,0.0,0.0,0.0,0.0
4596472,Jalon Daniels,0.0,0.0,0.0,0.0,0.0,0.0,0.0,0.0,0.0,0.0,0.0
3892775,Jarrett Stidham,0.0,0.0,0.0,0.0,0.0,0.0,0.0,0.0,0.0,0.0,0.0
4240391,Tommy DeVito,0.0,0.0,0.0,0.0,0.0,0.0,0.0,0.0,0.0,0.0,0.0
2576980,Marcus Mariota,487.94,2.66,1.6,12.2,67.97,0.47,0.0,0.0,0.0,0.0,0.66
4434153,Tyson Bagent,450.57,2.77,1.44,8.63,32.78,0.38,0.0,0.0,0.0,0.0,0.58
4426875,Sam Howell,0.0,0.0,0.0,0.0,0.0,0.0,0.0,0.0,0.0,0.0,0.0
4685201,Tanner McKee,0.0,0.0,0.0,0.0,0.0,0.0,0.0,0.0,0.0,0.0,0.0
3050478,Jake Elliott,0.0,0.0,0.0,0.0,0.0,0.0,0.0,0.0,0.0,0.0,0.0
3051909,Daniel Carlson,0.0,0.0,0.0,0.0,0.0,0.0,0.0,0.0,0.0,0.0,0.0
2985659,Wil Lutz,0.0,0.0,0.0,0.0,0.0,0.0,0.0,0.0,0.0,0.0,0.0
3917232,Tyler Bass,0.0,0.0,0.0,0.0,0.0,0.0,0.0,0.0,0.0,0.0,0.0
5082424,Dominic Zvada,0.0,0.0,0.0,0.0,0.0,0.0,0.0,0.0,0.0,0.0,0.0
5081335,Drew Stevens,0.0,0.0,0.0,0.0,0.0,0.0,0.0,0.0,0.0,0.0,0.0
4569923,Andy Borregales,0.0,0.0,0.0,0.0,0.0,0.0,0.0,0.0,0.0,0.0,0.0
4243371,Riley Patterson,0.0,0.0,0.0,0.0,0.0,0.0,0.0,0.0,0.0,0.0,0.0
4249087,Matt Gay,0.0,0.0,0.0,0.0,0.0,0.0,0.0,0.0,0.0,0.0,0.0
4568263,Ryan Fitzgerald,0.0,0.0,0.0,0.0,0.0,0.0,0.0,0.0,0.0,0.0,0.0
3124084,Joey Slye,0.0,0.0,0.0,0.0,0.0,0.0,0.0,0.0,0.0,0.0,0.0
4363538,Chad Ryland,0.0,0.0,0.0,0.0,0.0,0.0,0.0,0.0,0.0,0.0,0.0
4258620,Andre Szmyt,0.0,0.0,0.0,0.0,0.0,0.0,0.0,0.0,0.0,0.0,0.0
4259619,Blake Grupe,0.0,0.0,0.0,0.0,0.0,0.0,0.0,0.0,0.0,0.0,0.0
-16019,Giants D/ST,0.0,0.0,0.0,0.0,0.0,0.0,0.0,0.0,0.0,0.0,0.0
-16003,Bears D/ST,0.0,0.0,0.0,0.0,0.0,0.0,0.0,0.0,0.0,0.0,0.0
-16010,Titans D/ST,0.0,0.0,0.0,0.0,0.0,0.0,0.0,0.0,0.0,0.0,0.0
-16029,Panthers D/ST,0.0,0.0,0.0,0.0,0.0,0.0,0.0,0.0,0.0,0.0,0.0
-16028,Commanders D/ST,0.0,0.0,0.0,0.0,0.0,0.0,0.0,0.0,0.0,0.0,0.0
-16001,Falcons D/ST,0.0,0.0,0.0,0.0,0.0,0.0,0.0,0.0,0.0,0.0,0.0
-16002,Bills D/ST,0.0,0.0,0.0,0.0,0.0,0.0,0.0,0.0,0.0,0.0,0.0
-16013,Raiders D/ST,0.0,0.0,0.0,0.0,0.0,0.0,0.0,0.0,0.0,0.0,0.0
-16022,Cardinals D/ST,0.0,0.0,0.0,0.0,0.0,0.0,0.0,0.0,0.0,0.0,0.0
-16015,Dolphins D/ST,0.0,0.0,0.0,0.0,0.0,0.0,0.0,0.0,0.0,0.0,0.0
16733,Odell Beckham Jr.,0.0,0.0,0.0,0.0,0.0,0.0,63.38,0.28,4.91,9.11,0.04
5150247,Malik Benson,0.0,0.0,0.0,1.77,9.27,0.07,102.78,0.53,8.06,13.46,0.1
4613202,Kyle Williams,0.0,0.0,0.0,3.35,17.87,0.15,230.08,1.08,16.25,26.19,0.19
4431280,Troy Franklin,0.0,0.0,0.0,1.66,8.7,0.06,193.3,1.59,13.83,23.52,0.13
4242433,Joshua Palmer,0.0,0.0,0.0,0.0,0.0,0.0,170.94,1.12,12.46,20.84,0.11
3045523,Kendrick Bourne,0.0,0.0,0.0,0.0,0.0,0.0,328.43,1.31,32.4,46.95,0.33
2973405,Kalif Raymond,0.0,0.0,0.0,3.69,21.48,0.13,455.62,1.93,44.72,58.59,0.5
4361577,Dyami Brown,0.0,0.0,0.0,0.0,0.0,0.0,134.32,0.97,10.98,16.86,0.12
4567156,Treylon Burks,0.0,0.0,0.0,0.0,0.0,0.0,310.85,1.63,22.75,37.93,0.19
16002,Kyle Juszczyk,0.0,0.0,0.0,3.68,15.4,0.11,127.36,0.83,16.28,21.57,0.11
4696882,Devontez Walker,0.0,0.0,0.0,0.0,0.0,0.0,140.62,1.03,9.37,15.04,0.1
4372780,Tommy Tremble,0.0,0.0,0.0,0.0,0.0,0.0,276.95,1.92,28.77,39.55,0.22
3043275,Austin Hooper,0.0,0.0,0.0,0.0,0.0,0.0,251.17,1.32,26.4,36.11,0.18
4426844,Elijah Higgins,0.0,0.0,0.0,0.0,0.0,0.0,93.13,0.43,10.39,14.08,0.08
4879276,Bryce Lance,0.0,0.0,0.0,0.0,0.0,0.0,146.65,0.95,11.16,18.41,0.11
4431487,Savion Williams,0.0,0.0,0.0,0.0,0.0,0.0,65.61,0.48,6.26,9.73,0.06
3054212,Jonnu Smith,0.0,0.0,0.0,1.74,4.55,0.08,158.26,1.04,17.62,24.07,0.17
4880236,Will Kacmarek,0.0,0.0,0.0,0.0,0.0,0.0,86.98,0.34,8.37,12.14,0.06
4036131,Noah Fant,0.0,0.0,0.0,0.0,0.0,0.0,233.08,1.42,24.14,32.38,0.17
4431268,Chimere Dike,0.0,0.0,0.0,3.27,16.34,0.1,61.26,0.33,5.68,8.89,0.09
3921690,Josh Oliver,0.0,0.0,0.0,0.0,0.0,0.0,150.79,1.19,16.88,22.07,0.14
3911853,Adam Trautman,0.0,0.0,0.0,0.0,0.0,0.0,123.68,1.11,12.76,18.82,0.08
4869748,Zavion Thomas,0.0,0.0,0.0,0.0,0.0,0.0,0.0,0.0,0.0,0.0,0.0
4241263,Charlie Kolar,0.0,0.0,0.0,0.0,0.0,0.0,161.98,0.99,17.35,24.53,0.12
4808839,Isaiah Bond,0.0,0.0,0.0,0.0,0.0,0.0,14.6,0.09,1.19,2.11,0.01
4426496,Cade Stover,0.0,0.0,0.0,0.0,0.0,0.0,13.76,0.08,1.61,2.23,0.01
4048228,John Bates,0.0,0.0,0.0,0.0,0.0,0.0,82.0,0.68,8.99,12.64,0.09
4241372,Hollywood Brown,0.0,0.0,0.0,3.8,21.72,0.17,29.57,0.19,2.26,3.66,0.05
4683153,Skyler Bell,0.0,0.0,0.0,0.0,0.0,0.0,0.0,0.0,0.0,0.0,0.0
3917914,Olamide Zaccheaus,0.0,0.0,0.0,0.0,0.0,0.0,249.24,1.3,22.76,36.11,0.25
4061956,Ashton Dulin,0.0,0.0,0.0,3.69,22.15,0.17,63.32,0.29,4.7,7.76,0.08
4569371,Isaiah Williams,0.0,0.0,0.0,1.81,10.63,0.08,284.46,1.15,28.27,38.62,0.3
4360797,Tutu Atwell,0.0,0.0,0.0,0.0,0.0,0.0,18.91,0.08,1.47,2.41,0.01
5092508,Colbie Young,0.0,0.0,0.0,0.0,0.0,0.0,50.86,0.37,4.27,6.85,0.04
4431492,Roman Wilson,0.0,0.0,0.0,0.0,0.0,0.0,574.67,2.66,47.75,79.17,0.49
4602667,Jaylin Lane,0.0,0.0,0.0,0.0,0.0,0.0,30.34,0.16,2.62,4.21,0.03
4372096,Luke Schoonmaker,0.0,0.0,0.0,0.0,0.0,0.0,44.48,0.39,4.79,6.86,0.03
4685553,Brenen Thompson,0.0,0.0,0.0,0.0,0.0,0.0,130.16,0.57,10.52,17.65,0.11
2998565,Mo Alie-Cox,0.0,0.0,0.0,0.0,0.0,0.0,31.51,0.23,2.9,4.19,0.02
4573699,Jackson Hawes,0.0,0.0,0.0,0.0,0.0,0.0,29.12,0.27,2.99,4.17,0.02
4361516,Daniel Bellinger,0.0,0.0,0.0,0.0,0.0,0.0,156.5,0.5,16.64,22.23,0.11
4690923,Ben Sinnott,0.0,0.0,0.0,0.0,0.0,0.0,27.62,0.21,3.17,4.21,0.02
4361372,Jeremy Ruckert,0.0,0.0,0.0,0.0,0.0,0.0,134.31,0.72,16.74,21.46,0.09
5088338,Elijah Sarratt,0.0,0.0,0.0,0.0,0.0,0.0,0.0,0.0,0.0,0.0,0.0
4383396,Hunter Luepke,0.0,0.0,0.0,11.11,46.67,0.39,25.9,0.17,3.63,4.57,0.05
4883647,Elic Ayomanor,0.0,0.0,0.0,0.0,0.0,0.0,442.54,2.4,30.41,57.79,0.31
3052897,Durham Smythe,0.0,0.0,0.0,0.0,0.0,0.0,78.53,0.7,7.96,11.28,0.04
4569382,Jordan Whittington,0.0,0.0,0.0,3.7,19.61,0.19,142.47,0.98,12.67,18.66,0.16
4608810,Tez Johnson,0.0,0.0,0.0,3.52,18.02,0.15,136.12,0.94,10.75,17.74,0.14
4708486,Jimmy Horn Jr.,0.0,0.0,0.0,0.0,0.0,0.0,0.0,0.0,0.0,0.0,0.0
4698597,Barion Brown,0.0,0.0,0.0,3.63,19.74,0.17,0.0,0.0,0.0,0.0,0.03
4426553,Davis Allen,0.0,0.0,0.0,0.0,0.0,0.0,91.2,0.87,9.88,13.99,0.07
4710855,Konata Mumpfield,0.0,0.0,0.0,0.0,0.0,0.0,104.77,0.81,8.07,13.99,0.08
3843945,Foster Moreau,0.0,0.0,0.0,0.0,0.0,0.0,152.73,1.28,16.89,22.31,0.13
3043116,Demarcus Robinson,0.0,0.0,0.0,0.0,0.0,0.0,336.98,2.73,22.67,37.1,0.25
4383440,Nate Adkins,0.0,0.0,0.0,0.0,0.0,0.0,88.41,0.79,10.17,14.11,0.07
4242392,Brock Wright,0.0,0.0,0.0,0.0,0.0,0.0,89.44,0.83,9.84,13.46,0.05
4686248,Nate Boerkircher,0.0,0.0,0.0,0.0,0.0,0.0,94.55,0.72,9.75,13.82,0.07
4426948,Luke McCaffrey,0.0,0.0,0.0,0.0,0.0,0.0,0.0,0.0,0.0,0.0,0.0
5082630,Jalen Royals,0.0,0.0,0.0,0.0,0.0,0.0,126.18,1.06,10.73,17.57,0.11
4430870,KeAndre Lambert-Smith,0.0,0.0,0.0,0.0,0.0,0.0,0.0,0.0,0.0,0.0,0.0
4372505,Payne Durham,0.0,0.0,0.0,0.0,0.0,0.0,29.87,0.23,3.2,4.44,0.02
4702559,Oscar Delp,0.0,0.0,0.0,0.0,0.0,0.0,31.27,0.26,3.24,4.44,0.02
3051889,Laquon Treadwell,0.0,0.0,0.0,0.0,0.0,0.0,127.59,0.59,10.53,16.7,0.11
3917668,Alec Ingold,0.0,0.0,0.0,1.68,6.97,0.05,71.49,0.29,10.32,13.23,0.08
4259305,Bo Melton,0.0,0.0,0.0,0.0,0.0,0.0,35.55,0.22,3.07,5.23,0.03
4714379,Seydou Traore,0.0,0.0,0.0,0.0,0.0,0.0,0.0,0.0,0.0,0.0,0.0
4362018,Blake Whiteheart,0.0,0.0,0.0,0.0,0.0,0.0,133.71,0.9,14.48,21.06,0.1
4613104,Malachi Corley,0.0,0.0,0.0,0.0,0.0,0.0,0.0,0.0,0.0,0.0,0.0
4245144,Tay Martin,0.0,0.0,0.0,0.0,0.0,0.0,0.0,0.0,0.0,0.0,0.0
4362477,Derius Davis,0.0,0.0,0.0,1.68,8.76,0.04,93.91,0.52,8.54,13.23,0.11
4386544,Xavier Smith,0.0,0.0,0.0,0.0,0.0,0.0,35.63,0.26,2.97,4.66,0.03
3929914,Adam Prentice,0.0,0.0,0.0,3.32,14.05,0.1,25.06,0.12,3.47,4.7,0.03
4575665,Jacob Cowing,0.0,0.0,0.0,0.0,0.0,0.0,185.9,1.25,13.65,21.57,0.14
4241961,Connor Heyward,0.0,0.0,0.0,7.07,29.29,0.24,0.0,0.0,0.0,0.0,0.02
4384852,Dohnte Meyers,0.0,0.0,0.0,2.01,11.13,0.09,147.15,1.22,12.57,19.52,0.15
2515270,Michael Burton,0.0,0.0,0.0,0.0,0.0,0.0,22.25,0.14,3.41,4.21,0.02
4695193,Efton Chism III,0.0,0.0,0.0,0.0,0.0,0.0,29.66,0.16,2.4,3.66,0.02
4360086,Josh Whyle,0.0,0.0,0.0,0.0,0.0,0.0,0.0,0.0,0.0,0.0,0.0
4878695,Max Bredeson,0.0,0.0,0.0,0.0,0.0,0.0,0.0,0.0,0.0,0.0,0.0
4360967,Brevyn Spann-Ford,0.0,0.0,0.0,0.0,0.0,0.0,75.86,0.69,8.12,11.43,0.06
4714771,Drew Allar,0.0,0.0,0.0,0.0,0.0,0.0,0.0,0.0,0.0,0.0,0.0
4383351,Trey Lance,0.0,0.0,0.0,0.0,0.0,0.0,0.0,0.0,0.0,0.0,0.0
14163,Tyrod Taylor,0.0,0.0,0.0,0.0,0.0,0.0,0.0,0.0,0.0,0.0,0.0
4889929,Quinn Ewers,0.0,0.0,0.0,0.0,0.0,0.0,0.0,0.0,0.0,0.0,0.0
4683423,Riley Leonard,0.0,0.0,0.0,0.0,0.0,0.0,0.0,0.0,0.0,0.0,0.0
4917427,Tanner Koziol,0.0,0.0,0.0,0.0,0.0,0.0,0.0,0.0,0.0,0.0,0.0
3915486,Tyler Conklin,0.0,0.0,0.0,0.0,0.0,0.0,0.0,0.0,0.0,0.0,0.0
4034779,Ko Kieft,0.0,0.0,0.0,0.0,0.0,0.0,0.0,0.0,0.0,0.0,0.0
4240703,Kenny Pickett,0.0,0.0,0.0,0.0,0.0,0.0,0.0,0.0,0.0,0.0,0.0
4565185,Tai Felton,0.0,0.0,0.0,0.0,0.0,0.0,62.08,0.46,5.87,8.83,0.06
4879194,Josh Cameron,0.0,0.0,0.0,0.0,0.0,0.0,286.9,1.74,21.43,36.85,0.22
4426339,Spencer Rattler,0.0,0.0,0.0,0.0,0.0,0.0,0.0,0.0,0.0,0.0,0.0
4695705,Marlin Klein,0.0,0.0,0.0,0.0,0.0,0.0,15.01,0.09,1.65,2.23,0.01
4040612,Luke Farrell,0.0,0.0,0.0,0.0,0.0,0.0,88.33,0.67,9.27,12.94,0.06
4722908,Drew Ogletree,0.0,0.0,0.0,0.0,0.0,0.0,58.49,0.43,5.56,8.39,0.04
4685504,Sam Roush,0.0,0.0,0.0,0.0,0.0,0.0,58.46,0.44,5.93,8.37,0.04
5160110,Jahdae Walker,0.0,0.0,0.0,0.0,0.0,0.0,29.76,0.23,2.59,4.19,0.03
4035671,Tyler Huntley,0.0,0.0,0.0,0.0,0.0,0.0,0.0,0.0,0.0,0.0,0.0
4432260,Matthew Hibner,0.0,0.0,0.0,0.0,0.0,0.0,118.19,0.99,10.94,15.04,0.07
4876132,Josh Cuevas,0.0,0.0,0.0,0.0,0.0,0.0,29.23,0.25,2.72,3.76,0.02
2975863,Eric Saubert,0.0,0.0,0.0,0.0,0.0,0.0,54.7,0.45,5.75,8.33,0.04
3044720,Joshua Dobbs,0.0,0.0,0.0,0.0,0.0,0.0,0.0,0.0,0.0,0.0,0.0
4715355,Darius Cooper,0.0,0.0,0.0,0.0,0.0,0.0,102.19,0.61,8.37,12.75,0.09
3125107,Andrew Beck,0.0,0.0,0.0,0.0,0.0,0.0,0.0,0.0,0.0,0.0,0.0
4426485,Jonathan Mingo,0.0,0.0,0.0,0.0,0.0,0.0,33.2,0.22,2.4,4.57,0.03
4242546,Davis Mills,0.0,0.0,0.0,0.0,0.0,0.0,0.0,0.0,0.0,0.0,0.0
4239944,Hunter Long,0.0,0.0,0.0,0.0,0.0,0.0,60.02,0.36,6.61,9.39,0.05
4045305,Ian Thomas,0.0,0.0,0.0,0.0,0.0,0.0,29.72,0.22,3.14,4.49,0.02
4401805,Dareke Young,0.0,0.0,0.0,0.0,0.0,0.0,100.75,0.54,8.34,13.46,0.09
4035020,Charlie Woerner,0.0,0.0,0.0,0.0,0.0,0.0,27.67,0.17,3.12,4.51,0.02
3052096,Johnny Mundt,0.0,0.0,0.0,0.0,0.0,0.0,121.88,0.76,11.89,17.0,0.07
4685413,Cade Klubnik,0.0,0.0,0.0,0.0,0.0,0.0,0.0,0.0,0.0,0.0,0.0
4685540,Carsen Ryan,0.0,0.0,0.0,0.0,0.0,0.0,0.0,0.0,0.0,0.0,0.0
4869132,Reggie Virgil,0.0,0.0,0.0,0.0,0.0,0.0,0.0,0.0,0.0,0.0,0.0
3115293,Kyle Allen,0.0,0.0,0.0,0.0,0.0,0.0,0.0,0.0,0.0,0.0,0.0
4433971,Kyle McCord,0.0,0.0,0.0,0.0,0.0,0.0,0.0,0.0,0.0,0.0,0.0
4360763,Brycen Tremayne,0.0,0.0,0.0,0.0,0.0,0.0,99.67,0.64,8.63,13.18,0.09
3924327,Drew Lock,0.0,0.0,0.0,0.0,0.0,0.0,0.0,0.0,0.0,0.0,0.0
4039505,Reggie Gilliam,0.0,0.0,0.0,0.0,0.0,0.0,23.72,0.11,3.34,4.26,0.02
3039707,Mitchell Trubisky,0.0,0.0,0.0,0.0,0.0,0.0,0.0,0.0,0.0,0.0,0.0
2975417,Patrick Ricard,0.0,0.0,0.0,0.0,0.0,0.0,23.02,0.1,3.18,4.56,0.02
4038524,Gardner Minshew II,0.0,0.0,0.0,0.0,0.0,0.0,0.0,0.0,0.0,0.0,0.0
4431431,Corey Kiner,0.0,0.0,0.0,0.0,0.0,0.0,0.0,0.0,0.0,0.0,0.0
2531358,Chris Manhertz,0.0,0.0,0.0,0.0,0.0,0.0,0.0,0.0,0.0,0.0,0.0
5081338,Kaden Wetjen,0.0,0.0,0.0,0.0,0.0,0.0,0.0,0.0,0.0,0.0,0.0
4035656,Ben Skowronek,0.0,0.0,0.0,0.0,0.0,0.0,58.27,0.32,5.86,9.31,0.05
5097554,Kameron Johnson,0.0,0.0,0.0,0.0,0.0,0.0,0.0,0.0,0.0,0.0,0.0
4429105,Arian Smith,0.0,0.0,0.0,0.0,0.0,0.0,0.0,0.0,0.0,0.0,0.0
3123075,Braxton Berrios,0.0,0.0,0.0,0.0,0.0,0.0,0.0,0.0,0.0,0.0,0.0
4373273,British Brooks,0.0,0.0,0.0,3.49,14.85,0.08,0.0,0.0,0.0,0.0,0.01
4570738,Ke'Shawn Williams,0.0,0.0,0.0,0.0,0.0,0.0,0.0,0.0,0.0,0.0,0.0
4430656,Myles Price,0.0,0.0,0.0,0.0,0.0,0.0,0.0,0.0,0.0,0.0,0.0
4690143,LaJohntay Wester,0.0,0.0,0.0,0.0,0.0,0.0,135.45,0.89,9.42,15.04,0.1
4039050,Devin Duvernay,0.0,0.0,0.0,0.0,0.0,0.0,0.0,0.0,0.0,0.0,0.0
4372716,Nikko Remigio,0.0,0.0,0.0,0.0,0.0,0.0,0.0,0.0,0.0,0.0,0.0
2972515,Cooper Rush,0.0,0.0,0.0,0.0,0.0,0.0,0.0,0.0,0.0,0.0,0.0
4430191,Skyy Moore,0.0,0.0,0.0,0.0,0.0,0.0,136.92,0.84,11.22,18.95,0.13
4692835,Jalen Brooks,0.0,0.0,0.0,0.0,0.0,0.0,0.0,0.0,0.0,0.0,0.0
3116407,Mason Rudolph,0.0,0.0,0.0,0.0,0.0,0.0,0.0,0.0,0.0,0.0,0.0
4040761,Devin Singletary,0.0,0.0,0.0,0.0,0.0,0.0,0.0,0.0,0.0,0.0,0.0
3895856,Christian Kirk,0.0,0.0,0.0,0.0,0.0,0.0,0.0,0.0,0.0,0.0,0.0
2573079,Carson Wentz,0.0,0.0,0.0,0.0,0.0,0.0,0.0,0.0,0.0,0.0,0.0
14012,Andy Dalton,0.0,0.0,0.0,0.0,0.0,0.0,0.0,0.0,0.0,0.0,0.0
15168,Case Keenum,221.5,1.15,1.02,2.98,12.51,0.1,0.0,0.0,0.0,0.0,0.25
4424106,Gunner Olszewski,0.0,0.0,0.0,0.0,0.0,0.0,0.0,0.0,0.0,0.0,0.0
4239934,AJ Dillon,0.0,0.0,0.0,77.49,305.08,1.64,80.63,0.39,10.61,13.18,0.29
4241424,Tylan Wallace,0.0,0.0,0.0,0.0,0.0,0.0,14.86,0.1,1.39,2.11,0.01
4567096,John Metchie III,0.0,0.0,0.0,0.0,0.0,0.0,61.7,0.36,5.69,8.79,0.06
4241410,Jelani Woods,0.0,0.0,0.0,0.0,0.0,0.0,11.53,0.08,1.19,1.59,0.01
4243389,Calvin Austin III,0.0,0.0,0.0,0.0,0.0,0.0,0.0,0.0,0.0,0.0,0.0
4241374,Grant Calcaterra,0.0,0.0,0.0,0.0,0.0,0.0,0.0,0.0,0.0,0.0,0.0
4361438,Cole Turner,0.0,0.0,0.0,0.0,0.0,0.0,0.0,0.0,0.0,0.0,0.0
4367567,Julius Chestnut,0.0,0.0,0.0,0.0,0.0,0.0,0.0,0.0,0.0,0.0,0.0
4244049,Quintin Morris,0.0,0.0,0.0,0.0,0.0,0.0,59.91,0.59,6.11,9.21,0.04
4428085,Luke Musgrave,0.0,0.0,0.0,0.0,0.0,0.0,0.0,0.0,0.0,0.0,0.0
4259553,Stetson Bennett IV,0.0,0.0,0.0,0.0,0.0,0.0,0.0,0.0,0.0,0.0,0.0
4372026,Cameron Latu,0.0,0.0,0.0,0.0,0.0,0.0,11.64,0.07,1.2,1.56,0.01
4260394,Aidan O'Connell,0.0,0.0,0.0,0.0,0.0,0.0,0.0,0.0,0.0,0.0,0.0
4365395,Julian Hill,0.0,0.0,0.0,0.0,0.0,0.0,0.0,0.0,0.0,0.0,0.0
4373030,Ben Sims,0.0,0.0,0.0,0.0,0.0,0.0,0.0,0.0,0.0,0.0,0.0
4243176,Brady Russell,0.0,0.0,0.0,0.0,0.0,0.0,23.67,0.11,3.09,4.16,0.01
4369466,Ryan Miller,0.0,0.0,0.0,0.0,0.0,0.0,99.02,0.31,7.21,12.14,0.07
4369886,Chris Blair,0.0,0.0,0.0,0.0,0.0,0.0,65.51,0.32,5.42,9.03,0.06
4428209,Ricky Pearsall,0.0,0.0,0.0,0.0,0.0,0.0,0.0,0.0,0.0,0.0,0.0
4696700,Tip Reiman,0.0,0.0,0.0,0.0,0.0,0.0,0.0,0.0,0.0,0.0,0.0
4372561,Isaac Guerendo,0.0,0.0,0.0,0.0,0.0,0.0,0.0,0.0,0.0,0.0,0.0
4573697,Mason Tipton,0.0,0.0,0.0,0.0,0.0,0.0,0.0,0.0,0.0,0.0,0.0
4361088,Colson Yankoff,0.0,0.0,0.0,0.0,0.0,0.0,3.92,0.02,0.44,0.65,0.0
4248557,E.J. Jenkins,0.0,0.0,0.0,0.0,0.0,0.0,6.19,0.04,0.65,0.88,0.0
4430681,Jared Wayne,0.0,0.0,0.0,0.0,0.0,0.0,272.87,1.49,21.43,35.7,0.22
4241476,Tyrell Shavers,0.0,0.0,0.0,0.0,0.0,0.0,0.0,0.0,0.0,0.0,0.0
4698191,Chris Collier,0.0,0.0,0.0,0.0,0.0,0.0,0.0,0.0,0.0,0.0,0.0
4877706,Jayden Higgins,0.0,0.0,0.0,0.0,0.0,0.0,0.0,0.0,0.0,0.0,0.0
4685350,Trevor Etienne,0.0,0.0,0.0,0.0,0.0,0.0,0.0,0.0,0.0,0.0,0.0
4432775,Dont'e Thornton Jr.,0.0,0.0,0.0,0.0,0.0,0.0,0.0,0.0,0.0,0.0,0.0
4683243,Mitchell Evans,0.0,0.0,0.0,0.0,0.0,0.0,120.17,1.03,12.47,17.58,0.09
4431466,Jordan Watkins,0.0,0.0,0.0,0.0,0.0,0.0,110.41,0.75,8.19,12.94,0.08
4429955,Will Howard,0.0,0.0,0.0,0.0,0.0,0.0,0.0,0.0,0.0,0.0,0.0
4601080,Raheim Sanders,0.0,0.0,0.0,42.0,175.73,1.18,235.87,1.02,32.78,42.12,0.32
4429435,Brady Cook,0.0,0.0,0.0,0.0,0.0,0.0,0.0,0.0,0.0,0.0,0.0
4602788,Jackson Meeks,0.0,0.0,0.0,0.0,0.0,0.0,0.0,0.0,0.0,0.0,0.0
4360637,Jeshaun Jones,0.0,0.0,0.0,0.0,0.0,0.0,0.0,0.0,0.0,0.0,0.0
5091739,Chris Brazzell II,0.0,0.0,0.0,0.0,0.0,0.0,0.0,0.0,0.0,0.0,0.0
4605951,CJ Daniels,0.0,0.0,0.0,0.0,0.0,0.0,0.0,0.0,0.0,0.0,0.0
4565859,Joe Royer,0.0,0.0,0.0,0.0,0.0,0.0,0.0,0.0,0.0,0.0,0.0
4912052,Justin Joly,0.0,0.0,0.0,0.0,0.0,0.0,0.0,0.0,0.0,0.0,0.0
4683151,Deion Burks,0.0,0.0,0.0,3.69,20.47,0.19,0.0,0.0,0.0,0.0,0.03
4600597,Montorie Foster Jr.,0.0,0.0,0.0,0.0,0.0,0.0,0.0,0.0,0.0,0.0,0.0
4635009,J. Michael Sturdivant,0.0,0.0,0.0,0.0,0.0,0.0,27.59,0.16,2.4,3.93,0.02
2576581,Chris Moore,0.0,0.0,0.0,0.0,0.0,0.0,386.33,2.32,22.56,37.61,0.2
3118892,Justin Watson,0.0,0.0,0.0,0.0,0.0,0.0,0.0,0.0,0.0,0.0,0.0
3047876,KhaDarel Hodge,0.0,0.0,0.0,0.0,0.0,0.0,157.92,0.9,10.33,17.26,0.11
3916945,Darius Slayton,0.0,0.0,0.0,0.0,0.0,0.0,0.0,0.0,0.0,0.0,0.0
3059989,Nick Mullens,0.0,0.0,0.0,0.0,0.0,0.0,0.0,0.0,0.0,0.0,0.0
4037235,Greg Dortch,0.0,0.0,0.0,0.0,0.0,0.0,0.0,0.0,0.0,0.0,0.0
4037457,Travis Homer,0.0,0.0,0.0,7.09,29.5,0.22,7.0,0.04,1.0,1.33,0.04
4212909,David Moore,0.0,0.0,0.0,0.0,0.0,0.0,0.0,0.0,0.0,0.0,0.0
3120348,JuJu Smith-Schuster,0.0,0.0,0.0,0.0,0.0,0.0,0.0,0.0,0.0,0.0,0.0
