player_id,name,pass_yds,pass_td,interceptions,rush_att,rush_yds,rush_td,rec_yds,rec_td,receptions,targets,fumbles_lost
4429795,Jahmyr Gibbs,0.0,0.0,0.0,286.21,1389.49,14.27,546.43,3.38,67.95,85.93,1.27
4430807,Bijan Robinson,0.0,0.0,0.0,286.51,1372.36,8.43,707.69,3.38,75.78,98.58,1.6
4362628,Ja'Marr Chase,0.0,0.0,0.0,4.04,20.88,0.14,1507.21,10.72,119.8,172.58,0.94
4426515,Puka Nacua,0.0,0.0,0.0,13.64,90.51,1.01,1585.88,9.72,123.08,174.3,0.94
4242335,Jonathan Taylor,0.0,0.0,0.0,325.64,1502.34,11.55,389.89,1.47,50.45,63.04,1.46
4430878,Jaxon Smith-Njigba,0.0,0.0,0.0,4.6,25.17,0.17,1568.76,8.54,116.69,166.24,1.16
3117251,Christian McCaffrey,0.0,0.0,0.0,274.09,1129.74,9.13,678.04,4.72,78.9,100.08,1.2
4374302,Amon-Ra St. Brown,0.0,0.0,0.0,2.32,13.47,0.12,1426.2,10.42,118.38,166.48,0.83
4379399,James Cook III,0.0,0.0,0.0,300.41,1404.74,11.04,302.35,1.61,35.92,45.97,1.8
4241389,CeeDee Lamb,0.0,0.0,0.0,2.23,12.66,0.11,1375.84,8.55,103.49,157.55,0.66
4262921,Justin Jefferson,0.0,0.0,0.0,2.03,10.66,0.1,1373.45,7.44,111.49,165.71,0.69
4429160,De'Von Achane,0.0,0.0,0.0,258.23,1311.45,5.08,512.51,2.89,64.55,80.33,0.96
4685382,Omarion Hampton,0.0,0.0,0.0,254.03,1084.65,9.39,363.25,1.76,51.6,63.66,1.09
4362238,Chase Brown,0.0,0.0,0.0,238.1,1035.94,7.38,434.24,2.83,64.34,80.54,1.16
3929630,Saquon Barkley,0.0,0.0,0.0,300.39,1284.06,8.67,370.91,2.31,43.2,58.99,1.02
3043078,Derrick Henry,0.0,0.0,0.0,321.85,1504.67,13.32,210.01,1.2,21.38,27.98,1.49
4890973,Ashton Jeanty,0.0,0.0,0.0,277.78,1121.96,7.03,491.81,2.01,64.63,86.42,1.21
4426502,Drake London,0.0,0.0,0.0,0.0,0.0,0.0,1249.75,7.27,102.11,158.83,0.91
4870808,Jeremiyah Love,0.0,0.0,0.0,252.81,1118.88,6.57,485.99,2.23,64.86,85.59,1.31
4047646,A.J. Brown,0.0,0.0,0.0,0.0,0.0,0.0,1219.5,7.06,85.97,129.88,0.57
4361307,Trey McBride,0.0,0.0,0.0,0.0,0.0,0.0,1022.83,5.33,107.75,148.95,0.47
4432665,Brock Bowers,0.0,0.0,0.0,4.16,15.41,0.19,999.04,6.57,98.68,136.0,0.35
4258173,Nico Collins,0.0,0.0,0.0,2.1,11.81,0.08,1196.17,6.77,86.76,137.13,0.68
4361370,Chris Olave,0.0,0.0,0.0,0.0,0.0,0.0,1195.04,6.61,91.17,143.89,0.62
4428331,Rashee Rice,0.0,0.0,0.0,8.26,42.83,0.59,1081.61,8.69,92.48,130.3,1.11
3918298,Josh Allen,3949.2,26.37,11.58,116.44,580.85,12.49,0.0,0.0,0.0,0.0,4.2
4426354,George Pickens,0.0,0.0,0.0,0.0,0.0,0.0,1115.18,8.17,79.85,124.12,0.89
4567048,Kenneth Walker III,0.0,0.0,0.0,276.65,1239.26,9.0,376.03,1.68,48.28,59.72,0.89
4569618,Garrett Wilson,0.0,0.0,0.0,2.17,10.78,0.09,1175.53,5.27,100.33,148.89,1.1
4427366,Breece Hall,0.0,0.0,0.0,264.52,1163.33,7.62,440.47,2.74,52.26,63.81,1.39
4361579,Javonte Williams,0.0,0.0,0.0,289.27,1263.24,11.13,217.83,1.51,36.93,50.64,1.22
4430737,Kyren Williams,0.0,0.0,0.0,236.43,1070.05,10.18,223.12,1.64,33.45,44.98,1.09
4595348,Malik Nabers,0.0,0.0,0.0,4.47,23.03,0.15,1127.87,7.23,85.24,135.64,0.75
4241478,DeVonta Smith,0.0,0.0,0.0,0.0,0.0,0.0,1129.49,6.03,90.5,127.82,0.57
4239996,Travis Etienne Jr.,0.0,0.0,0.0,262.61,1140.8,6.15,388.83,2.12,45.22,61.26,0.99
4685472,Tetairoa McMillan,0.0,0.0,0.0,0.0,0.0,0.0,1182.38,5.91,83.3,140.39,0.8
4429615,Zay Flowers,0.0,0.0,0.0,9.75,57.33,0.45,1169.92,5.49,81.7,116.59,0.99
4567750,Emeka Egbuka,0.0,0.0,0.0,2.18,11.88,0.1,1126.8,7.45,69.59,128.05,0.58
4685702,Quinshon Judkins,0.0,0.0,0.0,317.53,1246.24,7.29,222.44,0.73,32.12,41.65,0.7
4612826,Ladd McConkey,0.0,0.0,0.0,0.0,0.0,0.0,1039.22,6.31,79.6,122.02,0.57
4239993,Tee Higgins,0.0,0.0,0.0,0.0,0.0,0.0,955.01,8.37,73.31,115.06,0.44
4723086,Colston Loveland,0.0,0.0,0.0,0.0,0.0,0.0,900.96,5.99,80.95,119.46,0.44
3916387,Lamar Jackson,3885.77,25.97,9.73,122.15,670.77,3.68,0.0,0.0,0.0,0.0,4.32
16800,Davante Adams,0.0,0.0,0.0,0.0,0.0,0.0,1013.53,10.61,67.61,123.7,0.37
4696981,Cam Skattebo,0.0,0.0,0.0,241.3,1011.85,6.84,331.64,1.47,44.63,55.5,1.13
4259545,D'Andre Swift,0.0,0.0,0.0,216.4,980.37,8.11,270.34,1.12,30.72,41.55,0.94
4882093,Bhayshul Tuten,0.0,0.0,0.0,237.22,994.59,6.74,252.44,1.44,33.95,45.65,1.41
4372016,Jaylen Waddle,0.0,0.0,0.0,2.05,12.16,0.08,992.85,6.01,76.54,118.58,0.66
4596448,Bucky Irving,0.0,0.0,0.0,244.24,991.15,5.32,294.08,1.74,36.81,45.35,0.95
3121422,Terry McLaurin,0.0,0.0,0.0,0.0,0.0,0.0,1051.27,6.09,76.78,118.5,0.62
3915416,DJ Moore,0.0,0.0,0.0,6.93,36.04,0.39,945.73,7.0,67.17,107.26,0.58
4431459,Tyler Warren,0.0,0.0,0.0,6.26,14.38,0.38,893.44,5.55,84.56,115.57,0.61
4426388,Jameson Williams,0.0,0.0,0.0,6.97,45.15,0.57,1026.45,5.7,64.37,102.04,0.42
4431299,Rome Odunze,0.0,0.0,0.0,0.0,0.0,0.0,1033.75,8.4,59.87,119.46,0.62
4426348,Jayden Daniels,3846.24,22.25,9.88,130.97,669.06,5.09,0.0,0.0,0.0,0.0,3.66
4431452,Drake Maye,4099.58,27.13,11.19,101.06,532.59,4.07,0.0,0.0,0.0,0.0,5.13
4035538,David Montgomery,0.0,0.0,0.0,227.06,985.47,7.33,228.02,0.61,31.57,38.4,1.06
4685512,Jadarian Price,0.0,0.0,0.0,222.61,922.61,7.9,212.34,1.25,27.05,35.26,1.01
4685278,Luther Burden III,0.0,0.0,0.0,9.02,48.82,0.39,941.46,5.05,75.76,114.26,0.68
4432710,TreVeyon Henderson,0.0,0.0,0.0,190.53,839.06,6.71,268.9,1.45,38.73,46.64,0.69
4871023,Carnell Tate,0.0,0.0,0.0,0.0,0.0,0.0,1023.15,4.46,74.51,121.23,0.76
16737,Mike Evans,0.0,0.0,0.0,0.0,0.0,0.0,889.39,5.8,56.58,100.7,0.4
4432708,Marvin Harrison Jr.,0.0,0.0,0.0,0.0,0.0,0.0,953.73,5.03,68.7,126.04,0.6
3915511,Joe Burrow,4131.1,32.94,10.91,51.63,188.55,2.09,0.0,0.0,0.0,0.0,2.85
4569173,Rhamondre Stevenson,0.0,0.0,0.0,173.96,742.38,6.79,350.42,2.09,42.44,51.83,1.19
4040715,Jalen Hurts,3776.6,23.47,9.17,106.27,437.43,9.13,0.0,0.0,0.0,0.0,4.07
4035687,Michael Pittman Jr.,0.0,0.0,0.0,0.0,0.0,0.0,862.78,3.92,88.43,130.33,0.65
3916148,Tony Pollard,0.0,0.0,0.0,239.36,1043.11,5.43,182.42,0.49,29.69,38.57,1.22
5083076,Harold Fannin Jr.,0.0,0.0,0.0,8.51,21.18,0.32,824.9,3.21,83.82,119.75,0.63
4360248,Kyle Pitts Sr.,0.0,0.0,0.0,0.0,0.0,0.0,857.59,3.18,80.48,115.01,0.28
4047650,DK Metcalf,0.0,0.0,0.0,0.0,0.0,0.0,944.09,6.2,64.76,113.33,0.48
3040151,George Kittle,0.0,0.0,0.0,0.0,0.0,0.0,828.45,5.69,76.56,97.03,0.37
3128429,Courtland Sutton,0.0,0.0,0.0,0.0,0.0,0.0,894.26,7.59,69.17,118.58,0.48
4248528,Christian Watson,0.0,0.0,0.0,2.19,12.82,0.14,882.83,7.17,55.92,95.91,0.54
2577417,Dak Prescott,4108.06,29.69,11.91,51.25,185.99,2.15,0.0,0.0,0.0,0.0,3.57
4432620,Parker Washington,0.0,0.0,0.0,8.04,38.97,0.27,849.43,5.2,63.73,107.67,0.79
4569987,Jaylen Warren,0.0,0.0,0.0,184.32,809.18,4.57,319.96,1.46,46.1,56.67,0.91
4430027,Sam LaPorta,0.0,0.0,0.0,0.0,0.0,0.0,787.07,5.37,78.49,102.04,0.38
4371733,Kenny Gainwell,0.0,0.0,0.0,117.76,521.24,4.59,341.85,2.04,52.11,64.03,0.8
4689114,Jaxson Dart,3678.83,20.78,10.12,100.84,552.92,6.44,0.0,0.0,0.0,0.0,3.71
4047365,Josh Jacobs,0.0,0.0,0.0,174.92,718.51,7.6,183.23,1.05,23.67,31.1,0.96
4569587,Wan'Dale Robinson,0.0,0.0,0.0,4.06,22.47,0.15,823.3,1.93,78.81,115.72,0.56
4678008,Jonathon Brooks,0.0,0.0,0.0,194.43,816.98,4.38,278.7,1.4,36.64,46.8,0.94
4038941,Justin Herbert,3849.29,25.64,11.0,78.33,406.47,2.35,0.0,0.0,0.0,0.0,3.64
4360761,Michael Wilson,0.0,0.0,0.0,0.0,0.0,0.0,859.98,3.38,70.53,114.58,0.43
4429023,MarShawn Lloyd,0.0,0.0,0.0,145.23,621.12,5.4,148.24,0.95,20.7,26.93,0.67
4431611,Caleb Williams,3836.74,25.19,10.0,71.05,381.31,2.3,0.0,0.0,0.0,0.0,4.05
4038815,Rico Dowdle,0.0,0.0,0.0,227.19,992.88,5.61,210.71,1.08,29.24,39.67,0.96
2976212,Stefon Diggs,0.0,0.0,0.0,0.0,0.0,0.0,769.43,3.62,74.8,97.89,0.51
4360078,Alec Pierce,0.0,0.0,0.0,0.0,0.0,0.0,940.68,5.26,59.93,104.44,0.49
4685415,Travis Hunter,0.0,0.0,0.0,2.01,10.81,0.07,451.63,3.05,38.09,62.34,0.41
4572680,Tucker Kraft,0.0,0.0,0.0,2.19,8.27,0.15,777.38,4.22,68.04,94.66,0.43
4241416,Chuba Hubbard,0.0,0.0,0.0,190.29,765.08,4.16,299.75,1.4,41.1,52.0,0.88
3916433,Jakobi Meyers,0.0,0.0,0.0,6.03,32.01,0.29,765.77,5.23,69.79,107.67,0.61
4360310,Trevor Lawrence,3945.6,25.09,13.06,73.47,335.07,4.83,0.0,0.0,0.0,0.0,3.82
3042519,Aaron Jones Sr.,0.0,0.0,0.0,149.99,654.31,3.28,344.76,2.09,47.27,60.76,1.02
4432773,Brian Thomas Jr.,0.0,0.0,0.0,4.02,23.16,0.16,859.72,5.08,57.07,102.01,0.31
3953687,Brandon Aubrey,0.0,0.0,0.0,0.0,0.0,0.0,0.0,0.0,0.0,0.0,0.0
4361741,Brock Purdy,4178.01,27.01,13.89,65.41,277.06,3.5,0.0,0.0,0.0,0.0,3.66
4697815,Rachaad White,0.0,0.0,0.0,134.87,566.64,5.05,266.07,1.79,40.24,46.37,0.61
4241985,J.K. Dobbins,0.0,0.0,0.0,204.7,957.5,6.58,132.23,0.83,21.35,28.23,0.45
4608686,Kyle Monangai,0.0,0.0,0.0,189.35,813.3,6.44,215.73,1.28,25.9,36.36,0.43
15847,Travis Kelce,0.0,0.0,0.0,0.0,0.0,0.0,770.39,4.49,73.8,103.16,0.51
4701936,Matthew Golden,0.0,0.0,0.0,4.38,24.32,0.18,887.32,4.82,67.98,106.56,0.73
3116165,Chris Godwin Jr.,0.0,0.0,0.0,0.0,0.0,0.0,700.26,4.54,60.35,90.7,0.56
4429205,Jordan Addison,0.0,0.0,0.0,2.03,14.46,0.12,769.01,5.23,60.92,99.43,0.45
4688813,Josh Downs,0.0,0.0,0.0,2.09,10.71,0.09,695.91,2.7,70.12,99.81,0.56
3121023,Dallas Goedert,0.0,0.0,0.0,0.0,0.0,0.0,725.42,5.68,70.6,93.41,0.39
4568490,RJ Harvey,0.0,0.0,0.0,77.79,315.6,2.86,366.5,2.55,48.72,62.11,0.41
3139477,Patrick Mahomes,4000.62,26.39,11.67,53.06,326.96,3.22,0.0,0.0,0.0,0.0,3.04
4373678,Khalil Shakir,0.0,0.0,0.0,2.31,12.53,0.13,765.27,3.71,70.09,91.94,0.6
4429096,Blake Corum,0.0,0.0,0.0,181.87,836.6,7.33,116.73,0.61,16.7,22.49,0.4
4426338,Bo Nix,3874.65,26.45,11.14,82.29,355.95,3.98,0.0,0.0,0.0,0.0,3.07
12483,Matthew Stafford,4279.5,34.86,9.69,27.04,39.33,0.59,0.0,0.0,0.0,0.0,3.5
4242355,Jake Ferguson,0.0,0.0,0.0,0.0,0.0,0.0,597.87,5.84,72.93,95.65,0.82
4870795,Makai Lemon,0.0,0.0,0.0,0.0,0.0,0.0,735.53,4.66,52.11,83.01,0.53
4361050,Isaiah Likely,0.0,0.0,0.0,0.0,0.0,0.0,682.19,4.08,62.98,85.78,0.52
4429025,Quentin Johnston,0.0,0.0,0.0,2.08,10.83,0.09,777.73,5.64,52.79,90.19,0.45
4575131,Jacory Croskey-Merritt,0.0,0.0,0.0,196.17,846.14,7.41,118.7,0.67,16.0,20.61,1.5
4362249,Jayden Reed,0.0,0.0,0.0,8.76,63.44,0.45,741.47,4.48,64.58,90.58,0.8
3116365,Mark Andrews,0.0,0.0,0.0,9.75,34.72,0.67,616.58,7.08,57.93,83.94,0.5
4710714,De'Zhaun Stribling,0.0,0.0,0.0,0.0,0.0,0.0,798.49,4.78,52.25,84.89,0.53
3917315,Kyler Murray,3777.61,22.06,11.25,80.19,502.18,3.51,0.0,0.0,0.0,0.0,3.98
4683062,Xavier Worthy,0.0,0.0,0.0,12.39,76.22,0.59,788.35,4.6,55.55,92.3,0.34
4361432,Romeo Doubs,0.0,0.0,0.0,0.0,0.0,0.0,667.22,5.35,52.39,77.74,0.52
4695883,Jalen Coker,0.0,0.0,0.0,0.0,0.0,0.0,687.69,2.98,61.16,88.4,0.59
4385690,Dalton Kincaid,0.0,0.0,0.0,0.0,0.0,0.0,697.76,4.44,59.28,81.73,0.45
4428557,Tyjae Spears,0.0,0.0,0.0,105.48,446.22,2.94,336.06,1.6,49.53,60.62,0.45
4362081,Cameron Dicker,0.0,0.0,0.0,0.0,0.0,0.0,0.0,0.0,0.0,0.0,0.0
4360689,Tyler Shough,3884.15,20.47,11.07,65.69,285.33,4.28,0.0,0.0,0.0,0.0,3.24
4360569,Jordan Mason,0.0,0.0,0.0,194.58,901.82,6.53,83.53,0.34,13.47,16.57,1.16
3126486,Deebo Samuel Sr.,0.0,0.0,0.0,22.1,109.25,1.14,624.62,3.71,47.69,69.09,0.74
3046779,Jared Goff,4219.33,29.17,9.97,27.23,49.66,0.66,0.0,0.0,0.0,0.0,3.44
4429059,Woody Marks,0.0,0.0,0.0,151.37,613.8,3.1,198.68,1.35,24.23,32.91,0.68
2473037,Jason Myers,0.0,0.0,0.0,0.0,0.0,0.0,0.0,0.0,0.0,0.0,0.0
4870653,KC Concepcion,0.0,0.0,0.0,6.38,34.91,0.2,738.09,3.12,58.66,93.72,0.65
4430834,Jalen McMillan,0.0,0.0,0.0,4.36,24.57,0.21,588.27,3.86,47.25,74.7,0.42
4366031,Tank Dell,0.0,0.0,0.0,0.0,0.0,0.0,0.0,0.0,0.0,0.0,0.0
-16034,Texans D/ST,0.0,0.0,0.0,0.0,0.0,0.0,0.0,0.0,0.0,0.0,0.0
4426385,Zach Charbonnet,0.0,0.0,0.0,136.63,555.25,6.86,145.0,0.44,20.31,26.13,0.32
-16007,Broncos D/ST,0.0,0.0,0.0,0.0,0.0,0.0,0.0,0.0,0.0,0.0,0.0
4702555,Jonah Coleman,0.0,0.0,0.0,65.5,272.12,2.11,126.5,0.79,17.43,22.59,0.34
3052587,Baker Mayfield,3824.21,24.63,11.68,54.06,323.24,1.39,0.0,0.0,0.0,0.0,4.42
2971573,Ka'imi Fairbairn,0.0,0.0,0.0,0.0,0.0,0.0,0.0,0.0,0.0,0.0,0.0
4361529,Isiah Pacheco,0.0,0.0,0.0,88.45,380.57,2.67,60.06,0.42,9.1,11.37,0.31
4362619,Chris Rodriguez Jr.,0.0,0.0,0.0,100.52,432.64,3.42,31.21,0.17,4.35,5.99,0.28
4574716,Harrison Mevis,0.0,0.0,0.0,0.0,0.0,0.0,0.0,0.0,0.0,0.0,0.0
3917792,Daniel Jones,3745.02,19.55,11.15,73.0,307.0,5.89,0.0,0.0,0.0,0.0,4.53
3929645,Juwan Johnson,0.0,0.0,0.0,0.0,0.0,0.0,660.8,2.85,64.6,89.41,0.61
3054850,Alvin Kamara,0.0,0.0,0.0,111.88,450.66,2.09,208.0,0.85,30.74,38.22,0.57
4373626,Tyler Allgeier,0.0,0.0,0.0,99.04,391.01,3.35,127.61,0.4,18.36,23.26,0.24
4686658,Mike Washington Jr.,0.0,0.0,0.0,89.39,368.36,2.28,63.94,0.29,8.88,11.5,0.39
5081397,Dylan Sampson,0.0,0.0,0.0,56.57,236.13,1.08,208.06,1.21,29.84,36.45,0.38
3046439,Hunter Henry,0.0,0.0,0.0,0.0,0.0,0.0,629.02,5.3,55.63,77.74,0.23
4036133,T.J. Hockenson,0.0,0.0,0.0,0.0,0.0,0.0,639.71,2.85,78.16,99.43,0.34
4596334,Keaton Mitchell,0.0,0.0,0.0,83.29,392.63,2.42,156.93,0.78,20.04,26.53,0.46
15818,Keenan Allen,0.0,0.0,0.0,0.0,0.0,0.0,538.8,2.7,54.84,78.8,0.57
3116389,Samaje Perine,0.0,0.0,0.0,100.89,439.59,3.34,139.16,0.74,18.81,23.01,0.79
4034949,Eddy Pineiro,0.0,0.0,0.0,0.0,0.0,0.0,0.0,0.0,0.0,0.0,0.0
4036378,Jordan Love,4038.55,25.6,10.83,50.17,212.21,1.01,0.0,0.0,0.0,0.0,4.01
4241474,Brian Robinson Jr.,0.0,0.0,0.0,134.57,560.43,3.68,59.12,0.29,8.75,10.95,0.49
4570037,Terrance Ferguson,0.0,0.0,0.0,0.0,0.0,0.0,578.54,5.39,46.0,73.09,0.32
4032473,Rashid Shaheed,0.0,0.0,0.0,13.8,86.73,0.51,646.43,3.5,42.83,70.53,0.61
4832800,Denzel Boston,0.0,0.0,0.0,0.0,0.0,0.0,693.25,2.95,55.4,88.51,0.57
4241463,Jerry Jeudy,0.0,0.0,0.0,0.0,0.0,0.0,720.74,2.72,51.91,93.72,0.46
3925357,Calvin Ridley,0.0,0.0,0.0,6.09,32.07,0.25,677.47,3.37,43.33,82.66,0.42
4597500,Adonai Mitchell,0.0,0.0,0.0,2.17,11.16,0.11,622.59,3.65,42.0,75.07,0.49
4869645,Caleb Douglas,0.0,0.0,0.0,0.0,0.0,0.0,580.74,2.09,43.42,70.29,0.44
4242512,Malik Willis,3562.65,13.31,10.44,105.65,547.05,3.44,0.0,0.0,0.0,0.0,6.21
4880281,Jordyn Tyson,0.0,0.0,0.0,0.0,0.0,0.0,484.27,2.7,35.58,57.55,0.36
4428718,Tre Tucker,0.0,0.0,0.0,10.39,57.3,0.32,658.59,2.52,48.33,81.6,0.29
4382466,Jalen Nailor,0.0,0.0,0.0,2.08,11.01,0.08,607.68,3.02,44.26,76.16,0.44
4685247,Braelon Allen,0.0,0.0,0.0,82.39,347.74,2.93,90.5,0.43,12.75,15.95,0.37
4429013,Tank Bigsby,0.0,0.0,0.0,83.19,372.41,3.35,28.65,0.14,3.63,4.92,0.42
5083315,Kenyon Sadiq,0.0,0.0,0.0,0.0,0.0,0.0,621.64,3.93,60.2,80.73,0.41
4360939,Rashod Bateman,0.0,0.0,0.0,0.0,0.0,0.0,613.39,3.95,37.66,65.29,0.31
4428850,Dontayvion Wicks,0.0,0.0,0.0,0.0,0.0,0.0,520.14,2.93,39.68,64.19,0.44
4569559,Devaughn Vele,0.0,0.0,0.0,0.0,0.0,0.0,542.87,3.35,49.43,75.68,0.4
4586312,Jaylin Noel,0.0,0.0,0.0,4.2,22.17,0.12,577.99,3.2,50.52,76.79,0.55
4429501,Ray Davis,0.0,0.0,0.0,32.35,138.3,1.07,60.02,0.39,7.75,10.22,0.19
4241457,Najee Harris,0.0,0.0,0.0,107.24,431.66,2.26,76.09,0.4,12.1,15.14,0.34
-16023,Steelers D/ST,0.0,0.0,0.0,0.0,0.0,0.0,0.0,0.0,0.0,0.0,0.0
-16026,Seahawks D/ST,0.0,0.0,0.0,0.0,0.0,0.0,0.0,0.0,0.0,0.0,0.0
-16014,Rams D/ST,0.0,0.0,0.0,0.0,0.0,0.0,0.0,0.0,0.0,0.0,0.0
-16033,Ravens D/ST,0.0,0.0,0.0,0.0,0.0,0.0,0.0,0.0,0.0,0.0,0.0
-16021,Eagles D/ST,0.0,0.0,0.0,0.0,0.0,0.0,0.0,0.0,0.0,0.0,0.0
-16005,Browns D/ST,0.0,0.0,0.0,0.0,0.0,0.0,0.0,0.0,0.0,0.0,0.0
-16017,Patriots D/ST,0.0,0.0,0.0,0.0,0.0,0.0,0.0,0.0,0.0,0.0,0.0
-16008,Lions D/ST,0.0,0.0,0.0,0.0,0.0,0.0,0.0,0.0,0.0,0.0,0.0
-16012,Chiefs D/ST,0.0,0.0,0.0,0.0,0.0,0.0,0.0,0.0,0.0,0.0,0.0
-16024,Chargers D/ST,0.0,0.0,0.0,0.0,0.0,0.0,0.0,0.0,0.0,0.0,0.0
3055899,Harrison Butker,0.0,0.0,0.0,0.0,0.0,0.0,0.0,0.0,0.0,0.0,0.0
4686361,Cam Little,0.0,0.0,0.0,0.0,0.0,0.0,0.0,0.0,0.0,0.0,0.0
4689936,Jake Bates,0.0,0.0,0.0,0.0,0.0,0.0,0.0,0.0,0.0,0.0,0.0
4697745,Tyler Loop,0.0,0.0,0.0,0.0,0.0,0.0,0.0,0.0,0.0,0.0,0.0
17427,Cairo Santos,0.0,0.0,0.0,0.0,0.0,0.0,0.0,0.0,0.0,0.0,0.0
4567104,Will Reichard,0.0,0.0,0.0,0.0,0.0,0.0,0.0,0.0,0.0,0.0,0.0
4430539,Brenton Strange,0.0,0.0,0.0,0.0,0.0,0.0,599.01,4.01,59.05,85.0,0.39
4038441,Justice Hill,0.0,0.0,0.0,58.52,267.79,1.63,348.28,1.67,39.43,51.3,0.46
4696044,Kaelon Black,0.0,0.0,0.0,75.15,311.13,2.19,62.49,0.36,8.13,10.54,0.33
4870847,Ja'Kobi Lane,0.0,0.0,0.0,0.0,0.0,0.0,530.29,3.78,34.4,55.96,0.35
4432577,C.J. Stroud,3948.14,21.44,12.07,57.06,249.12,1.04,0.0,0.0,0.0,0.0,3.91
3912547,Sam Darnold,4012.43,24.04,12.35,44.07,125.6,0.85,0.0,0.0,0.0,0.0,4.56
3886598,Jauan Jennings,0.0,0.0,0.0,0.0,0.0,0.0,485.39,3.37,46.8,71.81,0.46
4682648,Malachi Fields,0.0,0.0,0.0,0.0,0.0,0.0,408.02,2.2,32.68,50.76,0.33
4685261,Germie Bernard,0.0,0.0,0.0,2.14,11.66,0.08,504.12,2.76,40.42,68.0,0.43
4686612,Tre' Harris,0.0,0.0,0.0,0.0,0.0,0.0,410.48,2.48,34.51,53.05,0.35
5083754,Ryan Flournoy,0.0,0.0,0.0,2.23,12.42,0.1,383.05,2.65,33.82,50.64,0.36
4361411,Pat Freiermuth,0.0,0.0,0.0,0.0,0.0,0.0,602.71,2.8,59.93,85.0,0.47
3117256,Dalton Schultz,0.0,0.0,0.0,0.0,0.0,0.0,548.96,3.11,59.68,82.28,0.36
4870612,Zachariah Branch,0.0,0.0,0.0,0.0,0.0,0.0,381.71,1.89,31.42,49.29,0.32
4723820,Omar Cooper Jr.,0.0,0.0,0.0,2.17,11.97,0.11,395.97,2.24,32.96,48.48,0.35
4429022,Kayshon Boutte,0.0,0.0,0.0,0.0,0.0,0.0,666.36,3.6,51.13,82.28,0.42
4569603,Malik Washington,0.0,0.0,0.0,12.91,77.83,0.44,471.44,1.69,44.29,65.27,0.58
4430968,Kimani Vidal,0.0,0.0,0.0,33.32,136.39,1.1,63.04,0.37,7.84,10.61,0.16
4682745,Jaylen Wright,0.0,0.0,0.0,60.25,252.46,1.18,56.09,0.19,7.44,10.04,0.5
4711533,Ollie Gordon II,0.0,0.0,0.0,47.34,195.12,1.19,27.82,0.12,3.92,5.02,0.16
4686728,Gunnar Helm,0.0,0.0,0.0,0.0,0.0,0.0,498.87,3.32,57.71,77.15,0.4
4360635,Chig Okonkwo,0.0,0.0,0.0,0.0,0.0,0.0,559.19,2.34,51.14,72.13,0.26
4576297,AJ Barner,0.0,0.0,0.0,9.2,17.98,0.47,432.6,3.64,44.7,60.45,0.46
4685720,Bryce Young,3636.67,20.41,12.08,57.78,272.53,2.14,0.0,0.0,0.0,0.0,3.94
4688380,Cam Ward,3757.39,16.54,10.26,46.56,200.69,2.03,0.0,0.0,0.0,0.0,4.75
2578570,Jacoby Brissett,3351.67,14.85,9.17,47.19,209.76,1.3,0.0,0.0,0.0,0.0,3.65
3915411,Ty Johnson,0.0,0.0,0.0,50.84,220.03,2.13,208.14,1.3,21.63,30.65,0.37
3149687,Chris Brooks,0.0,0.0,0.0,53.06,234.5,1.77,136.63,0.7,19.11,25.35,0.21
2977187,Cooper Kupp,0.0,0.0,0.0,0.0,0.0,0.0,471.61,2.82,37.84,57.19,0.33
4596602,Brashard Smith,0.0,0.0,0.0,41.29,174.83,1.23,121.38,0.95,16.37,21.72,0.27
4240603,Malik Davis,0.0,0.0,0.0,66.75,289.9,2.13,59.34,0.32,8.26,11.25,0.24
4430034,Xavier Legette,0.0,0.0,0.0,2.07,10.84,0.06,416.89,2.59,35.72,62.4,0.35
4361409,Jahan Dotson,0.0,0.0,0.0,0.0,0.0,0.0,443.32,2.25,35.16,60.25,0.25
4686422,Xavier Hutchinson,0.0,0.0,0.0,2.1,12.41,0.07,431.73,2.04,34.38,60.34,0.29
4249417,Jalen Tolbert,0.0,0.0,0.0,0.0,0.0,0.0,442.13,1.74,35.31,60.25,0.33
4869961,Chris Bell,0.0,0.0,0.0,0.0,0.0,0.0,449.17,1.64,34.13,55.23,0.35
4427095,DeMario Douglas,0.0,0.0,0.0,4.14,21.47,0.15,365.48,2.04,30.21,41.46,0.37
3916945,Darius Slayton,0.0,0.0,0.0,2.23,12.29,0.07,395.82,1.82,28.38,45.71,0.34
5081432,Antonio Williams,0.0,0.0,0.0,4.09,22.32,0.2,343.73,2.27,25.85,41.22,0.3
-16027,Buccaneers D/ST,0.0,0.0,0.0,0.0,0.0,0.0,0.0,0.0,0.0,0.0,0.0
-16009,Packers D/ST,0.0,0.0,0.0,0.0,0.0,0.0,0.0,0.0,0.0,0.0,0.0
17372,Chris Boswell,0.0,0.0,0.0,0.0,0.0,0.0,0.0,0.0,0.0,0.0,0.0
3150744,Chase McLaughlin,0.0,0.0,0.0,0.0,0.0,0.0,0.0,0.0,0.0,0.0,0.0
4832955,Emmett Johnson,0.0,0.0,0.0,61.94,257.9,1.96,59.3,0.39,8.39,10.86,0.28
4695404,Isaiah Davis,0.0,0.0,0.0,39.03,178.19,1.33,96.41,0.42,12.92,15.95,0.11
4383429,Jacob Saylors,0.0,0.0,0.0,50.65,220.19,2.04,48.22,0.31,6.69,8.53,0.23
4911851,LeQuint Allen Jr.,0.0,0.0,0.0,7.53,31.9,0.18,139.95,0.8,20.46,26.74,0.13
4429835,George Holani,0.0,0.0,0.0,38.85,164.16,1.53,62.22,0.28,8.01,10.63,0.19
4360516,Tyrone Tracy Jr.,0.0,0.0,0.0,35.75,151.87,0.5,86.81,0.41,11.86,15.14,0.21
4430871,Sean Tucker,0.0,0.0,0.0,43.61,182.21,2.43,14.4,0.08,1.98,2.67,0.29
4686468,Seth McGowan,0.0,0.0,0.0,33.4,138.2,1.05,59.48,0.33,8.55,10.51,0.17
4685397,Jordan James,0.0,0.0,0.0,35.37,151.0,1.01,31.02,0.17,4.08,5.27,0.16
4431545,Will Shipley,0.0,0.0,0.0,9.24,39.53,0.3,83.4,0.4,11.31,14.75,0.11
4887558,Emanuel Wilson,0.0,0.0,0.0,11.42,47.96,0.41,10.26,0.05,1.35,1.77,0.05
4362478,Emari Demercado,0.0,0.0,0.0,26.7,126.34,0.72,27.64,0.16,4.07,5.63,0.14
4362921,Tyquan Thornton,0.0,0.0,0.0,0.0,0.0,0.0,358.91,2.95,23.83,43.43,0.19
4635008,Keon Coleman,0.0,0.0,0.0,0.0,0.0,0.0,337.92,2.83,24.43,40.86,0.24
-16030,Jaguars D/ST,0.0,0.0,0.0,0.0,0.0,0.0,0.0,0.0,0.0,0.0,0.0
-16018,Saints D/ST,0.0,0.0,0.0,0.0,0.0,0.0,0.0,0.0,0.0,0.0,0.0
4360234,Evan McPherson,0.0,0.0,0.0,0.0,0.0,0.0,0.0,0.0,0.0,0.0,0.0
10621,Nick Folk,0.0,0.0,0.0,0.0,0.0,0.0,0.0,0.0,0.0,0.0,0.0
4367209,Greg Dulcich,0.0,0.0,0.0,0.0,0.0,0.0,581.4,1.63,51.57,75.31,0.37
2576925,Darren Waller,0.0,0.0,0.0,0.0,0.0,0.0,472.72,4.04,42.91,62.4,0.21
4243331,Cade Otton,0.0,0.0,0.0,0.0,0.0,0.0,440.19,2.27,44.52,64.03,0.25
5123663,Isaac TeSlaa,0.0,0.0,0.0,0.0,0.0,0.0,300.89,3.23,23.82,37.59,0.24
4600981,Pat Bryant,0.0,0.0,0.0,0.0,0.0,0.0,320.23,2.11,28.38,45.17,0.29
4686472,Marvin Mims Jr.,0.0,0.0,0.0,8.19,45.13,0.31,272.91,1.61,24.12,33.88,0.35
4368003,Andrei Iosivas,0.0,0.0,0.0,2.02,11.06,0.09,275.59,2.45,23.95,40.27,0.21
4819231,Kaleb Johnson,0.0,0.0,0.0,7.79,33.21,0.3,10.29,0.06,1.43,1.87,0.04
4685555,Nicholas Singleton,0.0,0.0,0.0,20.28,83.63,0.55,30.13,0.16,4.29,5.51,0.1
15864,Geno Smith,3823.8,20.53,14.39,58.0,220.31,1.05,0.0,0.0,0.0,0.0,3.44
4837248,Fernando Mendoza,3058.3,14.18,10.52,52.07,226.12,1.92,0.0,0.0,0.0,0.0,3.42
8439,Aaron Rodgers,3770.34,20.12,11.13,28.13,99.64,0.89,0.0,0.0,0.0,0.0,3.49
3122840,Deshaun Watson,1281.92,5.35,4.36,25.89,130.12,0.61,0.0,0.0,0.0,0.0,1.67
4685307,Kevin Coleman Jr.,0.0,0.0,0.0,0.0,0.0,0.0,352.02,0.86,27.08,45.19,0.28
3676833,KaVontae Turpin,0.0,0.0,0.0,17.8,103.03,0.43,226.75,1.7,17.93,27.8,0.36
4603186,Jack Bech,0.0,0.0,0.0,0.0,0.0,0.0,315.17,1.19,27.69,43.52,0.28
4597703,Tory Horton,0.0,0.0,0.0,0.0,0.0,0.0,298.94,2.31,21.61,35.26,0.22
4599739,Kendre Miller,0.0,0.0,0.0,23.83,99.82,0.5,21.53,0.08,3.0,4.02,0.05
4429299,Tahj Brooks,0.0,0.0,0.0,30.27,128.12,0.94,0.0,0.0,0.0,0.0,0.12
4832846,Demond Claiborne,0.0,0.0,0.0,14.19,59.48,0.42,29.49,0.17,4.52,5.52,0.08
4690013,Rasheen Ali,0.0,0.0,0.0,14.63,61.95,0.44,28.44,0.15,3.53,4.66,0.07
4685246,Kaytron Allen,0.0,0.0,0.0,12.26,50.65,0.43,29.29,0.19,4.05,5.15,0.07
4874509,DJ Giddens,0.0,0.0,0.0,12.52,52.76,0.37,28.95,0.16,4.2,5.25,0.07
4912274,Sione Vaki,0.0,0.0,0.0,6.85,27.48,0.2,8.68,0.05,1.19,1.58,0.03
4035537,Kene Nwangwu,0.0,0.0,0.0,0.0,0.0,0.0,0.0,0.0,0.0,0.0,0.0
5220680,Ted Hurst III,0.0,0.0,0.0,0.0,0.0,0.0,294.52,2.13,22.79,37.35,0.23
-16020,Jets D/ST,0.0,0.0,0.0,0.0,0.0,0.0,0.0,0.0,0.0,0.0,0.0
-16025,49ers D/ST,0.0,0.0,0.0,0.0,0.0,0.0,0.0,0.0,0.0,0.0,0.0
4869461,Trey Smack,0.0,0.0,0.0,0.0,0.0,0.0,0.0,0.0,0.0,0.0,0.0
4571557,Spencer Shrader,0.0,0.0,0.0,0.0,0.0,0.0,0.0,0.0,0.0,0.0,0.0
3051876,Evan Engram,0.0,0.0,0.0,0.0,0.0,0.0,464.35,2.18,47.25,67.76,0.28
3123076,David Njoku,0.0,0.0,0.0,0.0,0.0,0.0,416.68,3.85,39.86,58.36,0.26
4595342,Oronde Gadsden,0.0,0.0,0.0,0.0,0.0,0.0,321.65,2.53,30.25,42.44,0.23
3116164,Mike Gesicki,0.0,0.0,0.0,0.0,0.0,0.0,352.67,4.16,36.23,51.78,0.2
4429086,Michael Mayer,0.0,0.0,0.0,0.0,0.0,0.0,364.11,1.31,36.98,54.4,0.25
4040655,Darnell Mooney,0.0,0.0,0.0,2.23,11.94,0.07,308.37,1.66,21.47,40.37,0.2
2991662,Mack Hollins,0.0,0.0,0.0,0.0,0.0,0.0,257.79,1.61,21.47,31.1,0.17
4241479,Tua Tagovailoa,2172.86,10.48,7.94,15.89,44.02,0.26,0.0,0.0,0.0,0.0,2.53
-16006,Cowboys D/ST,0.0,0.0,0.0,0.0,0.0,0.0,0.0,0.0,0.0,0.0,0.0
-16011,Colts D/ST,0.0,0.0,0.0,0.0,0.0,0.0,0.0,0.0,0.0,0.0,0.0
-16016,Vikings D/ST,0.0,0.0,0.0,0.0,0.0,0.0,0.0,0.0,0.0,0.0,0.0
-16004,Bengals D/ST,0.0,0.0,0.0,0.0,0.0,0.0,0.0,0.0,0.0,0.0,0.0
4432762,Shedeur Sanders,2434.92,10.24,8.47,32.47,182.0,0.9,0.0,0.0,0.0,0.0,2.07
14880,Kirk Cousins,832.38,4.1,2.69,5.7,10.97,0.26,0.0,0.0,0.0,0.0,0.87
4427728,Bam Knight,0.0,0.0,0.0,0.0,0.0,0.0,0.0,0.0,0.0,0.0,0.0
4366963,Dylan Laube,0.0,0.0,0.0,0.0,0.0,0.0,0.0,0.0,0.0,0.0,0.0
4362748,Tyler Badie,0.0,0.0,0.0,0.0,0.0,0.0,0.0,0.0,0.0,0.0,0.0
2576336,Ameer Abdullah,0.0,0.0,0.0,0.51,1.95,0.01,5.02,0.03,0.7,0.95,0.01
4685526,Adam Randall,0.0,0.0,0.0,0.0,0.0,0.0,0.0,0.0,0.0,0.0,0.0
3045147,James Conner,0.0,0.0,0.0,0.0,0.0,0.0,0.0,0.0,0.0,0.0,0.0
4360423,Michael Penix Jr.,1882.53,9.41,5.1,19.35,76.63,0.89,0.0,0.0,0.0,0.0,1.93
4259147,Jake Tonges,0.0,0.0,0.0,0.0,0.0,0.0,82.59,0.64,8.29,11.76,0.06
4242557,Colby Parkinson,0.0,0.0,0.0,0.0,0.0,0.0,290.67,3.12,28.05,39.36,0.29
4427834,Erick All Jr.,0.0,0.0,0.0,0.0,0.0,0.0,274.99,2.17,30.29,40.27,0.21
4430802,Darnell Washington,0.0,0.0,0.0,0.0,0.0,0.0,305.12,1.9,30.98,45.33,0.29
4433970,J.J. McCarthy,165.13,0.96,0.66,1.37,6.14,0.1,0.0,0.0,0.0,0.0,0.21
4430841,Carson Beck,450.58,2.57,1.5,6.56,29.42,0.29,0.0,0.0,0.0,0.0,0.49
4362887,Justin Fields,140.51,0.93,0.43,2.76,15.31,0.16,0.0,0.0,0.0,0.0,0.21
11252,Joe Flacco,164.79,1.31,0.69,0.4,1.17,0.02,0.0,0.0,0.0,0.0,0.15
4241464,Mac Jones,145.58,0.94,0.56,0.95,2.22,0.01,0.0,0.0,0.0,0.0,0.14
4429275,Trey Benson,0.0,0.0,0.0,0.0,0.0,0.0,0.0,0.0,0.0,0.0,0.0
4693370,Riley Nowakowski,0.0,0.0,0.0,0.0,0.0,0.0,29.16,0.16,4.26,5.67,0.02
3930086,Dawson Knox,0.0,0.0,0.0,0.0,0.0,0.0,265.2,2.76,24.95,35.75,0.12
4678006,Elijah Arroyo,0.0,0.0,0.0,0.0,0.0,0.0,264.18,1.72,24.09,35.26,0.16
4808766,Mason Taylor,0.0,0.0,0.0,0.0,0.0,0.0,284.81,1.42,33.45,45.03,0.23
4429148,Theo Johnson,0.0,0.0,0.0,0.0,0.0,0.0,268.8,1.58,25.28,37.84,0.14
4258595,Cole Kmet,0.0,0.0,0.0,0.0,0.0,0.0,219.91,1.67,21.89,31.16,0.13
4431588,Ja'Tavion Sanders,0.0,0.0,0.0,0.0,0.0,0.0,164.12,1.09,19.45,26.0,0.14
4240472,Noah Gray,0.0,0.0,0.0,0.0,0.0,0.0,262.05,1.42,26.12,38.0,0.13
4431574,Eli Stowers,0.0,0.0,0.0,4.62,19.87,0.17,106.85,0.77,10.75,14.75,0.1
2573401,Tyler Higbee,0.0,0.0,0.0,0.0,0.0,0.0,153.95,1.25,15.31,22.49,0.08
4833029,Max Klare,0.0,0.0,0.0,0.0,0.0,0.0,38.05,0.36,4.03,5.62,0.03
3127310,Drew Sample,0.0,0.0,0.0,0.0,0.0,0.0,183.3,1.45,21.66,28.76,0.15
4831959,Eli Raridon,0.0,0.0,0.0,0.0,0.0,0.0,189.12,1.38,19.4,25.91,0.13
4685522,Ty Simpson,146.26,1.19,0.59,1.1,4.82,0.06,0.0,0.0,0.0,0.0,0.16
2969939,Jameis Winston,162.94,0.92,0.9,0.74,2.65,0.03,0.0,0.0,0.0,0.0,0.16
4596472,Jalon Daniels,160.21,1.03,0.45,1.25,5.5,0.07,0.0,0.0,0.0,0.0,0.16
3892775,Jarrett Stidham,161.38,1.1,0.58,1.65,6.77,0.05,0.0,0.0,0.0,0.0,0.2
4240391,Tommy DeVito,150.09,0.99,0.41,1.86,9.5,0.07,0.0,0.0,0.0,0.0,0.14
2576980,Marcus Mariota,165.86,0.96,0.67,1.75,9.78,0.06,0.0,0.0,0.0,0.0,0.21
4434153,Tyson Bagent,156.57,1.03,0.55,1.52,5.97,0.08,0.0,0.0,0.0,0.0,0.19
4426875,Sam Howell,144.27,1.04,0.72,1.28,6.92,0.07,0.0,0.0,0.0,0.0,0.11
4685201,Tanner McKee,152.95,0.95,0.49,1.03,3.74,0.04,0.0,0.0,0.0,0.0,0.08
3050478,Jake Elliott,0.0,0.0,0.0,0.0,0.0,0.0,0.0,0.0,0.0,0.0,0.0
3051909,Daniel Carlson,0.0,0.0,0.0,0.0,0.0,0.0,0.0,0.0,0.0,0.0,0.0
2985659,Wil Lutz,0.0,0.0,0.0,0.0,0.0,0.0,0.0,0.0,0.0,0.0,0.0
3917232,Tyler Bass,0.0,0.0,0.0,0.0,0.0,0.0,0.0,0.0,0.0,0.0,0.0
5082424,Dominic Zvada,0.0,0.0,0.0,0.0,0.0,0.0,0.0,0.0,0.0,0.0,0.0
5081335,Drew Stevens,0.0,0.0,0.0,0.0,0.0,0.0,0.0,0.0,0.0,0.0,0.0
4569923,Andy Borregales,0.0,0.0,0.0,0.0,0.0,0.0,0.0,0.0,0.0,0.0,0.0
4243371,Riley Patterson,0.0,0.0,0.0,0.0,0.0,0.0,0.0,0.0,0.0,0.0,0.0
4249087,Matt Gay,0.0,0.0,0.0,0.0,0.0,0.0,0.0,0.0,0.0,0.0,0.0
4568263,Ryan Fitzgerald,0.0,0.0,0.0,0.0,0.0,0.0,0.0,0.0,0.0,0.0,0.0
3124084,Joey Slye,0.0,0.0,0.0,0.0,0.0,0.0,0.0,0.0,0.0,0.0,0.0
4363538,Chad Ryland,0.0,0.0,0.0,0.0,0.0,0.0,0.0,0.0,0.0,0.0,0.0
4258620,Andre Szmyt,0.0,0.0,0.0,0.0,0.0,0.0,0.0,0.0,0.0,0.0,0.0
4259619,Blake Grupe,0.0,0.0,0.0,0.0,0.0,0.0,0.0,0.0,0.0,0.0,0.0
-16019,Giants D/ST,0.0,0.0,0.0,0.0,0.0,0.0,0.0,0.0,0.0,0.0,0.0
-16003,Bears D/ST,0.0,0.0,0.0,0.0,0.0,0.0,0.0,0.0,0.0,0.0,0.0
-16010,Titans D/ST,0.0,0.0,0.0,0.0,0.0,0.0,0.0,0.0,0.0,0.0,0.0
-16029,Panthers D/ST,0.0,0.0,0.0,0.0,0.0,0.0,0.0,0.0,0.0,0.0,0.0
-16028,Commanders D/ST,0.0,0.0,0.0,0.0,0.0,0.0,0.0,0.0,0.0,0.0,0.0
-16001,Falcons D/ST,0.0,0.0,0.0,0.0,0.0,0.0,0.0,0.0,0.0,0.0,0.0
-16002,Bills D/ST,0.0,0.0,0.0,0.0,0.0,0.0,0.0,0.0,0.0,0.0,0.0
-16013,Raiders D/ST,0.0,0.0,0.0,0.0,0.0,0.0,0.0,0.0,0.0,0.0,0.0
-16022,Cardinals D/ST,0.0,0.0,0.0,0.0,0.0,0.0,0.0,0.0,0.0,0.0,0.0
-16015,Dolphins D/ST,0.0,0.0,0.0,0.0,0.0,0.0,0.0,0.0,0.0,0.0,0.0
5150247,Malik Benson,0.0,0.0,0.0,0.0,0.0,0.0,287.07,0.92,22.64,38.08,0.23
4912218,Cyrus Allen,0.0,0.0,0.0,0.0,0.0,0.0,245.04,1.53,19.39,32.58,0.2
4613202,Kyle Williams,0.0,0.0,0.0,4.14,22.41,0.19,229.66,1.39,15.86,25.6,0.2
4431280,Troy Franklin,0.0,0.0,0.0,2.05,10.59,0.08,216.23,1.77,16.98,28.23,0.16
4242433,Joshua Palmer,0.0,0.0,0.0,0.0,0.0,0.0,231.3,1.4,18.88,30.65,0.17
3045523,Kendrick Bourne,0.0,0.0,0.0,0.0,0.0,0.0,239.12,0.66,22.74,34.37,0.23
2973405,Kalif Raymond,0.0,0.0,0.0,4.51,26.79,0.16,187.54,0.89,19.36,25.97,0.24
4361577,Dyami Brown,0.0,0.0,0.0,0.0,0.0,0.0,216.46,1.58,15.82,25.76,0.18
4567156,Treylon Burks,0.0,0.0,0.0,0.0,0.0,0.0,217.31,1.36,14.99,25.76,0.12
16002,Kyle Juszczyk,0.0,0.0,0.0,4.42,18.57,0.15,160.66,0.94,20.38,26.34,0.13
4696882,Devontez Walker,0.0,0.0,0.0,0.0,0.0,0.0,208.51,1.46,14.49,23.32,0.15
4372780,Tommy Tremble,0.0,0.0,0.0,0.0,0.0,0.0,176.32,1.28,18.37,26.0,0.14
3043275,Austin Hooper,0.0,0.0,0.0,0.0,0.0,0.0,181.17,0.82,20.56,27.38,0.14
4879276,Bryce Lance,0.0,0.0,0.0,0.0,0.0,0.0,210.64,0.95,16.41,27.59,0.17
4426844,Elijah Higgins,0.0,0.0,0.0,0.0,0.0,0.0,181.97,0.68,20.89,28.64,0.15
4431487,Savion Williams,0.0,0.0,0.0,8.76,45.95,0.35,148.72,1.1,13.32,20.43,0.21
3054212,Jonnu Smith,0.0,0.0,0.0,2.19,10.33,0.15,156.66,1.1,17.04,24.42,0.16
4880236,Will Kacmarek,0.0,0.0,0.0,0.0,0.0,0.0,174.84,0.75,18.05,25.1,0.12
4036131,Noah Fant,0.0,0.0,0.0,0.0,0.0,0.0,160.18,0.87,18.6,24.04,0.13
4431268,Chimere Dike,0.0,0.0,0.0,10.14,50.29,0.57,112.15,0.78,10.64,16.53,0.21
3921690,Josh Oliver,0.0,0.0,0.0,0.0,0.0,0.0,150.91,1.14,16.75,22.09,0.14
3911853,Adam Trautman,0.0,0.0,0.0,0.0,0.0,0.0,151.44,1.29,15.58,22.59,0.1
4869748,Zavion Thomas,0.0,0.0,0.0,0.0,0.0,0.0,154.07,1.21,12.6,20.77,0.13
4241263,Charlie Kolar,0.0,0.0,0.0,0.0,0.0,0.0,148.81,1.13,14.66,21.22,0.1
4808839,Isaiah Bond,0.0,0.0,0.0,4.25,23.55,0.12,151.72,0.89,11.44,20.83,0.15
4426496,Cade Stover,0.0,0.0,0.0,4.2,9.65,0.1,132.55,0.75,15.53,21.94,0.13
4048228,John Bates,0.0,0.0,0.0,0.0,0.0,0.0,135.46,1.16,14.08,20.61,0.14
4241372,Hollywood Brown,0.0,0.0,0.0,0.0,0.0,0.0,156.1,1.03,12.61,19.94,0.13
4683153,Skyler Bell,0.0,0.0,0.0,0.0,0.0,0.0,163.55,0.96,12.05,20.43,0.12
3917914,Olamide Zaccheaus,0.0,0.0,0.0,0.0,0.0,0.0,142.31,0.63,14.3,21.91,0.15
4061956,Ashton Dulin,0.0,0.0,0.0,4.17,26.31,0.17,127.88,0.6,10.17,16.07,0.14
4569371,Isaiah Williams,0.0,0.0,0.0,2.17,12.69,0.11,114.46,0.44,11.77,16.57,0.14
4360797,Tutu Atwell,0.0,0.0,0.0,2.27,12.01,0.13,139.15,0.91,9.7,16.87,0.1
5092508,Colbie Young,0.0,0.0,0.0,0.0,0.0,0.0,131.2,1.0,10.57,17.26,0.11
4431492,Roman Wilson,0.0,0.0,0.0,0.0,0.0,0.0,134.99,0.63,11.78,19.83,0.12
4602667,Jaylin Lane,0.0,0.0,0.0,0.0,0.0,0.0,118.65,0.81,9.3,15.46,0.09
4372096,Luke Schoonmaker,0.0,0.0,0.0,0.0,0.0,0.0,110.01,0.89,11.38,16.88,0.06
2998565,Mo Alie-Cox,0.0,0.0,0.0,0.0,0.0,0.0,113.73,0.93,10.61,15.76,0.09
4685553,Brenen Thompson,0.0,0.0,0.0,2.08,11.34,0.1,121.65,0.71,9.53,15.92,0.11
4573699,Jackson Hawes,0.0,0.0,0.0,0.0,0.0,0.0,110.23,0.89,11.1,15.32,0.08
4361516,Daniel Bellinger,0.0,0.0,0.0,0.0,0.0,0.0,112.47,0.5,12.66,16.53,0.08
4690923,Ben Sinnott,0.0,0.0,0.0,0.0,0.0,0.0,106.47,0.81,11.09,15.46,0.08
4361372,Jeremy Ruckert,0.0,0.0,0.0,0.0,0.0,0.0,96.65,0.54,12.45,15.95,0.07
5088338,Elijah Sarratt,0.0,0.0,0.0,0.0,0.0,0.0,123.6,0.76,8.34,13.99,0.09
4383396,Hunter Luepke,0.0,0.0,0.0,13.35,56.37,0.44,61.57,0.35,8.58,11.25,0.07
16733,Odell Beckham Jr.,0.0,0.0,0.0,0.0,0.0,0.0,113.09,0.6,9.17,15.14,0.08
4883647,Elic Ayomanor,0.0,0.0,0.0,0.0,0.0,0.0,115.47,0.61,8.83,16.53,0.09
3052897,Durham Smythe,0.0,0.0,0.0,0.0,0.0,0.0,93.87,0.73,9.82,13.99,0.05
4569382,Jordan Whittington,0.0,0.0,0.0,2.27,12.08,0.12,84.72,0.61,7.5,11.25,0.1
4608810,Tez Johnson,0.0,0.0,0.0,4.36,23.24,0.21,77.47,0.6,6.66,10.67,0.1
4708486,Jimmy Horn Jr.,0.0,0.0,0.0,6.21,37.04,0.17,75.54,0.42,6.63,10.4,0.12
4698597,Barion Brown,0.0,0.0,0.0,0.0,0.0,0.0,91.41,0.42,7.24,12.2,0.07
4426553,Davis Allen,0.0,0.0,0.0,0.0,0.0,0.0,73.42,0.74,7.83,11.25,0.05
4710855,Konata Mumpfield,0.0,0.0,0.0,0.0,0.0,0.0,83.72,0.76,6.62,11.25,0.07
3843945,Foster Moreau,0.0,0.0,0.0,0.0,0.0,0.0,78.33,0.59,7.68,10.97,0.06
3043116,Demarcus Robinson,0.0,0.0,0.0,0.0,0.0,0.0,87.83,0.61,6.58,10.54,0.07
4383440,Nate Adkins,0.0,0.0,0.0,0.0,0.0,0.0,68.71,0.67,7.82,11.29,0.05
4242392,Brock Wright,0.0,0.0,0.0,0.0,0.0,0.0,72.23,0.62,7.73,10.74,0.04
4686248,Nate Boerkircher,0.0,0.0,0.0,0.0,0.0,0.0,73.62,0.56,7.81,11.33,0.05
4426948,Luke McCaffrey,0.0,0.0,0.0,0.0,0.0,0.0,80.09,0.5,6.69,10.3,0.07
5082630,Jalen Royals,0.0,0.0,0.0,0.0,0.0,0.0,78.07,0.63,6.82,10.86,0.07
4430870,KeAndre Lambert-Smith,0.0,0.0,0.0,0.0,0.0,0.0,80.61,0.57,6.42,10.61,0.07
4372505,Payne Durham,0.0,0.0,0.0,0.0,0.0,0.0,70.54,0.63,7.23,10.67,0.05
4702559,Oscar Delp,0.0,0.0,0.0,0.0,0.0,0.0,73.95,0.48,7.78,10.9,0.05
3051889,Laquon Treadwell,0.0,0.0,0.0,0.0,0.0,0.0,78.26,0.41,7.09,10.82,0.07
3917668,Alec Ingold,0.0,0.0,0.0,2.08,8.6,0.08,58.66,0.23,7.92,10.61,0.06
4259305,Bo Melton,0.0,0.0,0.0,2.19,12.7,0.08,65.84,0.44,5.11,9.06,0.07
4714379,Seydou Traore,0.0,0.0,0.0,0.0,0.0,0.0,69.33,0.3,7.22,10.04,0.05
4362018,Blake Whiteheart,0.0,0.0,0.0,0.0,0.0,0.0,63.44,0.34,7.14,10.41,0.05
4613104,Malachi Corley,0.0,0.0,0.0,6.38,43.88,0.21,33.69,0.1,3.35,5.21,0.09
4245144,Tay Martin,0.0,0.0,0.0,4.65,25.72,0.27,40.69,0.27,3.37,5.37,0.07
4362477,Derius Davis,0.0,0.0,0.0,2.08,11.03,0.07,38.09,0.27,3.49,5.31,0.06
4386544,Xavier Smith,0.0,0.0,0.0,0.0,0.0,0.0,44.28,0.32,3.59,5.62,0.04
3929914,Adam Prentice,0.0,0.0,0.0,4.09,17.4,0.13,29.82,0.15,4.13,5.65,0.04
4575665,Jacob Cowing,0.0,0.0,0.0,0.0,0.0,0.0,44.05,0.28,3.32,5.27,0.03
4241961,Connor Heyward,0.0,0.0,0.0,4.16,17.42,0.12,28.97,0.16,3.96,5.44,0.03
4384852,Dohnte Meyers,0.0,0.0,0.0,0.0,0.0,0.0,42.54,0.38,3.7,5.75,0.04
2515270,Michael Burton,0.0,0.0,0.0,4.25,17.67,0.1,26.66,0.15,4.22,5.21,0.04
4695193,Efton Chism III,0.0,0.0,0.0,0.0,0.0,0.0,42.7,0.31,3.5,5.18,0.04
4360086,Josh Whyle,0.0,0.0,0.0,0.0,0.0,0.0,37.57,0.36,4.12,5.95,0.03
4878695,Max Bredeson,0.0,0.0,0.0,2.03,8.5,0.06,29.49,0.17,4.52,5.52,0.03
4360967,Brevyn Spann-Ford,0.0,0.0,0.0,0.0,0.0,0.0,36.72,0.33,3.86,5.63,0.03
4714771,Drew Allar,160.22,0.85,0.5,1.29,5.65,0.05,0.0,0.0,0.0,0.0,0.16
14163,Tyrod Taylor,137.63,0.87,0.52,2.3,12.58,0.08,0.0,0.0,0.0,0.0,0.15
4383351,Trey Lance,147.49,0.98,0.57,1.49,6.83,0.04,0.0,0.0,0.0,0.0,0.14
4683423,Riley Leonard,158.23,0.83,0.51,1.24,5.43,0.08,0.0,0.0,0.0,0.0,0.19
4889929,Quinn Ewers,158.83,1.01,0.6,1.03,4.21,0.03,0.0,0.0,0.0,0.0,0.25
4917427,Tanner Koziol,0.0,0.0,0.0,0.0,0.0,0.0,36.69,0.28,3.91,5.67,0.03
3915486,Tyler Conklin,0.0,0.0,0.0,0.0,0.0,0.0,35.49,0.32,3.76,5.37,0.03
4034779,Ko Kieft,0.0,0.0,0.0,0.0,0.0,0.0,36.05,0.3,3.66,5.34,0.03
4240703,Kenny Pickett,153.48,0.86,0.47,1.31,3.73,0.04,0.0,0.0,0.0,0.0,0.15
4565185,Tai Felton,0.0,0.0,0.0,0.0,0.0,0.0,36.99,0.24,3.74,5.52,0.04
4879194,Josh Cameron,0.0,0.0,0.0,0.0,0.0,0.0,39.93,0.24,3.24,5.67,0.03
4426339,Spencer Rattler,153.37,0.81,0.51,1.33,7.11,0.02,0.0,0.0,0.0,0.0,0.17
4695705,Marlin Klein,0.0,0.0,0.0,0.0,0.0,0.0,35.83,0.22,3.97,5.49,0.03
4040612,Luke Farrell,0.0,0.0,0.0,0.0,0.0,0.0,35.98,0.25,3.76,5.27,0.03
4722908,Drew Ogletree,0.0,0.0,0.0,0.0,0.0,0.0,36.21,0.27,3.59,5.25,0.02
4685504,Sam Roush,0.0,0.0,0.0,0.0,0.0,0.0,33.89,0.28,3.68,5.19,0.03
5160110,Jahdae Walker,0.0,0.0,0.0,0.0,0.0,0.0,35.66,0.33,3.2,5.19,0.03
3044720,Joshua Dobbs,133.08,0.92,0.59,1.53,6.78,0.09,0.0,0.0,0.0,0.0,0.23
4035671,Tyler Huntley,128.61,0.86,0.51,1.97,9.48,0.05,0.0,0.0,0.0,0.0,0.13
4432260,Matthew Hibner,0.0,0.0,0.0,0.0,0.0,0.0,35.75,0.29,3.33,4.66,0.02
4876132,Josh Cuevas,0.0,0.0,0.0,0.0,0.0,0.0,35.75,0.29,3.33,4.66,0.02
2975863,Eric Saubert,0.0,0.0,0.0,0.0,0.0,0.0,34.38,0.3,3.42,5.04,0.02
4715355,Darius Cooper,0.0,0.0,0.0,0.0,0.0,0.0,37.68,0.25,3.26,4.92,0.03
3125107,Andrew Beck,0.0,0.0,0.0,0.0,0.0,0.0,28.54,0.23,4.21,5.32,0.02
4426485,Jonathan Mingo,0.0,0.0,0.0,0.0,0.0,0.0,40.54,0.25,2.86,5.63,0.03
4242546,Davis Mills,146.49,0.8,0.55,0.98,3.85,0.03,0.0,0.0,0.0,0.0,0.14
4239944,Hunter Long,0.0,0.0,0.0,0.0,0.0,0.0,33.29,0.2,3.87,5.73,0.03
4045305,Ian Thomas,0.0,0.0,0.0,0.0,0.0,0.0,36.0,0.15,3.8,5.44,0.02
4401805,Dareke Young,0.0,0.0,0.0,0.0,0.0,0.0,38.3,0.14,3.29,5.44,0.03
4035020,Charlie Woerner,0.0,0.0,0.0,0.0,0.0,0.0,32.71,0.18,3.93,5.48,0.03
4685413,Cade Klubnik,143.76,0.77,0.83,1.5,6.67,0.08,0.0,0.0,0.0,0.0,0.16
3052096,Johnny Mundt,0.0,0.0,0.0,0.0,0.0,0.0,35.38,0.21,3.45,4.92,0.02
4685540,Carsen Ryan,0.0,0.0,0.0,0.0,0.0,0.0,33.84,0.17,3.8,5.21,0.03
4869132,Reggie Virgil,0.0,0.0,0.0,0.0,0.0,0.0,39.23,0.14,3.36,5.73,0.03
3115293,Kyle Allen,138.26,0.92,0.71,1.06,2.94,0.04,0.0,0.0,0.0,0.0,0.24
4433971,Kyle McCord,154.85,0.58,0.5,1.25,5.51,0.04,0.0,0.0,0.0,0.0,0.16
4360763,Brycen Tremayne,0.0,0.0,0.0,0.0,0.0,0.0,36.03,0.16,3.29,5.2,0.03
3924327,Drew Lock,134.29,0.81,0.57,1.17,5.19,0.05,0.0,0.0,0.0,0.0,0.18
4039505,Reggie Gilliam,0.0,0.0,0.0,0.0,0.0,0.0,29.86,0.15,4.1,5.18,0.02
3039707,Mitchell Trubisky,154.12,0.68,0.71,1.13,2.5,0.05,0.0,0.0,0.0,0.0,0.13
2975417,Patrick Ricard,0.0,0.0,0.0,0.0,0.0,0.0,26.79,0.13,3.9,5.05,0.02
4038524,Gardner Minshew II,141.5,0.63,0.59,0.89,2.55,0.03,0.0,0.0,0.0,0.0,0.18
2531358,Chris Manhertz,0.0,0.0,0.0,0.0,0.0,0.0,16.27,0.12,1.81,2.52,0.01
5081338,Kaden Wetjen,0.0,0.0,0.0,2.14,11.66,0.08,0.0,0.0,0.0,0.0,0.02
4035656,Ben Skowronek,0.0,0.0,0.0,0.0,0.0,0.0,16.94,0.07,1.78,2.83,0.01
5097554,Kameron Johnson,0.0,0.0,0.0,2.18,12.07,0.11,0.0,0.0,0.0,0.0,0.02
4429105,Arian Smith,0.0,0.0,0.0,4.34,23.65,0.2,0.0,0.0,0.0,0.0,0.04
3123075,Braxton Berrios,0.0,0.0,0.0,0.0,0.0,0.0,0.0,0.0,0.0,0.0,0.0
4373273,British Brooks,0.0,0.0,0.0,4.2,18.01,0.1,0.0,0.0,0.0,0.0,0.02
4570738,Ke'Shawn Williams,0.0,0.0,0.0,0.0,0.0,0.0,0.0,0.0,0.0,0.0,0.0
4430656,Myles Price,0.0,0.0,0.0,0.0,0.0,0.0,0.0,0.0,0.0,0.0,0.0
4690143,LaJohntay Wester,0.0,0.0,0.0,0.0,0.0,0.0,0.0,0.0,0.0,0.0,0.0
4039050,Devin Duvernay,0.0,0.0,0.0,0.0,0.0,0.0,0.0,0.0,0.0,0.0,0.0
4372716,Nikko Remigio,0.0,0.0,0.0,0.0,0.0,0.0,0.0,0.0,0.0,0.0,0.0
4430191,Skyy Moore,0.0,0.0,0.0,0.0,0.0,0.0,0.0,0.0,0.0,0.0,0.0
4692835,Jalen Brooks,0.0,0.0,0.0,0.0,0.0,0.0,0.0,0.0,0.0,0.0,0.0
3116407,Mason Rudolph,0.0,0.0,0.0,0.0,0.0,0.0,0.0,0.0,0.0,0.0,0.0
4040761,Devin Singletary,0.0,0.0,0.0,0.0,0.0,0.0,0.0,0.0,0.0,0.0,0.0
3895856,Christian Kirk,0.0,0.0,0.0,0.0,0.0,0.0,0.0,0.0,0.0,0.0,0.0
4424106,Gunner Olszewski,0.0,0.0,0.0,0.0,0.0,0.0,0.0,0.0,0.0,0.0,0.0
4241424,Tylan Wallace,0.0,0.0,0.0,0.0,0.0,0.0,0.0,0.0,0.0,0.0,0.0
4241410,Jelani Woods,0.0,0.0,0.0,0.0,0.0,0.0,0.0,0.0,0.0,0.0,0.0
4243389,Calvin Austin III,0.0,0.0,0.0,0.0,0.0,0.0,0.0,0.0,0.0,0.0,0.0
4241374,Grant Calcaterra,0.0,0.0,0.0,0.0,0.0,0.0,0.0,0.0,0.0,0.0,0.0
4361438,Cole Turner,0.0,0.0,0.0,0.0,0.0,0.0,0.0,0.0,0.0,0.0,0.0
4244049,Quintin Morris,0.0,0.0,0.0,0.0,0.0,0.0,0.0,0.0,0.0,0.0,0.0
4428085,Luke Musgrave,0.0,0.0,0.0,0.0,0.0,0.0,0.0,0.0,0.0,0.0,0.0
4259553,Stetson Bennett IV,0.0,0.0,0.0,0.0,0.0,0.0,0.0,0.0,0.0,0.0,0.0
4260394,Aidan O'Connell,0.0,0.0,0.0,0.0,0.0,0.0,0.0,0.0,0.0,0.0,0.0
4365395,Julian Hill,0.0,0.0,0.0,0.0,0.0,0.0,0.0,0.0,0.0,0.0,0.0
4373030,Ben Sims,0.0,0.0,0.0,0.0,0.0,0.0,0.0,0.0,0.0,0.0,0.0
4428209,Ricky Pearsall,0.0,0.0,0.0,0.0,0.0,0.0,0.0,0.0,0.0,0.0,0.0
4696700,Tip Reiman,0.0,0.0,0.0,0.0,0.0,0.0,0.0,0.0,0.0,0.0,0.0
4372561,Isaac Guerendo,0.0,0.0,0.0,0.0,0.0,0.0,0.0,0.0,0.0,0.0,0.0
4573697,Mason Tipton,0.0,0.0,0.0,0.0,0.0,0.0,0.0,0.0,0.0,0.0,0.0
4241476,Tyrell Shavers,0.0,0.0,0.0,0.0,0.0,0.0,0.0,0.0,0.0,0.0,0.0
4698191,Chris Collier,0.0,0.0,0.0,0.0,0.0,0.0,0.0,0.0,0.0,0.0,0.0
4877706,Jayden Higgins,0.0,0.0,0.0,0.0,0.0,0.0,0.0,0.0,0.0,0.0,0.0
4685350,Trevor Etienne,0.0,0.0,0.0,0.0,0.0,0.0,0.0,0.0,0.0,0.0,0.0
4432775,Dont'e Thornton Jr.,0.0,0.0,0.0,0.0,0.0,0.0,0.0,0.0,0.0,0.0,0.0
4683243,Mitchell Evans,0.0,0.0,0.0,0.0,0.0,0.0,0.0,0.0,0.0,0.0,0.0
4682652,Devin Neal,0.0,0.0,0.0,0.0,0.0,0.0,0.0,0.0,0.0,0.0,0.0
4429955,Will Howard,0.0,0.0,0.0,0.0,0.0,0.0,0.0,0.0,0.0,0.0,0.0
4429435,Brady Cook,0.0,0.0,0.0,0.0,0.0,0.0,0.0,0.0,0.0,0.0,0.0
4602788,Jackson Meeks,0.0,0.0,0.0,0.0,0.0,0.0,0.0,0.0,0.0,0.0,0.0
4360637,Jeshaun Jones,0.0,0.0,0.0,0.0,0.0,0.0,0.0,0.0,0.0,0.0,0.0
5091739,Chris Brazzell II,0.0,0.0,0.0,0.0,0.0,0.0,0.0,0.0,0.0,0.0,0.0
4605951,CJ Daniels,0.0,0.0,0.0,0.0,0.0,0.0,0.0,0.0,0.0,0.0,0.0
4565859,Joe Royer,0.0,0.0,0.0,0.0,0.0,0.0,0.0,0.0,0.0,0.0,0.0
4912052,Justin Joly,0.0,0.0,0.0,0.0,0.0,0.0,0.0,0.0,0.0,0.0,0.0
3118892,Justin Watson,0.0,0.0,0.0,0.0,0.0,0.0,0.0,0.0,0.0,0.0,0.0
3059989,Nick Mullens,0.0,0.0,0.0,0.0,0.0,0.0,0.0,0.0,0.0,0.0,0.0
4037235,Greg Dortch,0.0,0.0,0.0,0.0,0.0,0.0,0.0,0.0,0.0,0.0,0.0
4212909,David Moore,0.0,0.0,0.0,0.0,0.0,0.0,0.0,0.0,0.0,0.0,0.0
3120348,JuJu Smith-Schuster,0.0,0.0,0.0,0.0,0.0,0.0,0.0,0.0,0.0,0.0,0.0
