Player,Pos,Team,College
"Sainristil, Mike",DB,Washington,Michigan
"Saldiveri, Nick",OG,New Orleans,Old Dominion
"Salyer, Jamaree",OG,LA Chargers,Georgia
"Sam, Andre'",DB,Philadelphia,Louisiana State
"Samac, Nick",C,Baltimore,Michigan State
"Sample, Cameron",DE,Cincinnati,Tulane
"Sample, Drew",TE,Cincinnati,Washington
"Samuel, Asante",DB,LA Chargers,Florida State
"Samuel, Curtis",WR,Buffalo,Ohio State
"Samuel, Deebo",WR,San Francisco,South Carolina
"Sanborn, Jack",LB,Chicago,Wisconsin
"Sanchez, Rigoberto",P,Indianapolis,Hawaii
"Sanders, Braylon",WR,Miami,Mississippi
"Sanders, Drew",LB,Denver,Arkansas
"Sanders, Ja'Tavion",TE,Carolina,Texas
"Sanders, Jason",K,Miami,New Mexico
"Sanders, Miles",RB,Carolina,Penn State
"Sanders, Shedeur",QB,Cleveland,Colorado
"Sanford, Phalen",DB,Las Vegas,Nebraska
"Santos, Cairo",K,Chicago,Tulane
"Sapp, Benny",DB,Green Bay,Northern Iowa
"Sarell, Foster",OT,LA Chargers,Stanford
"Saubert, Eric",TE,San Francisco,Drake
"Saunders, Khalen",DT,New Orleans,Western Illinois
"Savage, Darnell",DB,Jacksonville,Maryland
"Saylors, Jacob",RB,NY Giants,East Tennessee State
"Scales, Patrick",LS,Chicago,Utah State
"Scates, Joseph",WR,Jacksonville,Memphis
"Scharping, Max",OG,Philadelphia,Northern Illinois
"Scherff, Brandon",OG,Jacksonville,Iowa
"Schlottmann, Austin",C,NY Giants,Texas Christian
"Schmitz, John Michael",C,NY Giants,Minnesota
"Schnee, Sam",RB,Tennessee,Northern Iowa
"Schooler, Brenden",DB,New England,Texas
"Schoonmaker, Luke",TE,Dallas,Michigan
"Schrader, Cody",RB,San Francisco,Missouri
"Schultz, Dalton",TE,Houston,Stanford
"Schwartz, Anthony",WR,Miami,Auburn
"Schweitzer, Wes",C,NY Jets,San Jose State
"Scott, Boston",RB,LA Rams,Louisiana Tech
"Scott, Daniel",DB,Indianapolis,California
"Scott, Eric",DB,Dallas,Southern Mississippi
"Scott, JK",P,LA Chargers,Alabama
"Scott, Nick",DB,Carolina,Penn State
"Scott, Trenton",OT,Washington,Grambling
"Scott, Tyler",WR,Chicago,Cincinnati
"Scott, Tyrone",WR,Seattle,Missouri State
"Scott, Zavier",RB,Indianapolis,Maine
"Scruggs, Juice",OG,Houston,Penn State
"Sefcik, Lincoln",TE,NY Jets,South Alabama
"Seibert, Austin",K,NY Jets,Oklahoma
"Seikovits, Bernhard",TE,Arizona,--
"Senat, Deadrin",DT,Baltimore,South Florida
"Sermon, Trey",RB,Indianapolis,Ohio State
"Settle, Tim",DT,Houston,Virginia Tech
"Seumalo, Isaac",OG,Pittsburgh,Oregon State
"Sewell, Nephi",LB,New Orleans,Utah
"Sewell, Noah",LB,Chicago,Oregon
"Sewell, Penei",OT,Detroit,Oregon
"Shaheed, Rashid",WR,New Orleans,Weber State
"Shakir, Khalil",WR,Buffalo,Boise State
"Shampklin, Aaron",RB,Pittsburgh,Harvard
"Shannon, Noah",DT,Las Vegas,Iowa
"Sharp, Riley",TE,Baltimore,Oregon State
"Sharpe, David",OT,Houston,Florida
"Shatley, Tyler",C,Jacksonville,Clemson
"Shavers, Tyrell",WR,Buffalo,San Diego State
"Sheets, Kyle",WR,Kansas City,Slippery Rock
"Sheffield, Kendall",DB,NY Jets,Ohio State
"Shelby, Ty",LB,LA Chargers,Louisiana-Monroe
"Shelley, Duke",DB,Minnesota,Kansas State
"Shelton, Coleman",C,Chicago,Washington
"Shenault, Laviska",WR,Seattle,Colorado
"Shenker, John Samuel",TE,Las Vegas,Auburn
"Shepard, Sterling",WR,Tampa Bay,Oklahoma
"Shepherd, Nathan",DT,New Orleans,Fort Hays State
"Shepley, Dakoda",OT,Dallas,British Columbia
"Sheppard, Ja'Quan",DB,Las Vegas,Maryland
"Sherfield, Trent",WR,Minnesota,Vanderbilt
"Sherman, William",OT,Denver,Colorado
"Sherwood, Jamien",LB,NY Jets,Auburn
"Shimko, Joe",LS,Arizona,North Carolina State
"Shipley, Will",RB,Philadelphia,Clemson
"Shirden, Jaden",RB,Carolina,Monmouth
"Shorter, Justin",WR,Buffalo,Florida
"Shough, Tyler",QB,New Orleans,Texas Tech
"Shrader, Spencer",K,Indianapolis,Notre Dame
"Sieg, Trent",LS,Dallas,Colorado State
"Sieler, Zach",DT,Miami,Ferris State
"Sills, David",WR,Denver,West Virginia
"Sills, Josh",OG,Indianapolis,Oklahoma State
"Silvera, Nesta Jade",DT,Las Vegas,Arizona State
"Simmons, Isaiah",LB,NY Giants,Clemson
"Simmons, Jeffery",DT,Tennessee,Mississippi State
"Simmons, Lachavious",OG,Tennessee,Tennessee State
"Simms, Marcus",WR,Seattle,West Virginia
"Simpson, Darrell",OT,Baltimore,Tulsa
"Simpson, Jaylin",DB,Indianapolis,Auburn
"Simpson, John",OG,NY Jets,Clemson
"Simpson, Trenton",LB,Baltimore,Clemson
"Sims, Ben",TE,Green Bay,Baylor
"Sims, Cam",WR,Carolina,Alabama
"Sims, Steven",WR,Houston,Kansas
"Singletary, Devin",RB,NY Giants,Florida Atlantic
"Singleton, Alex",LB,Denver,Montana State
"Sinnott, Ben",TE,Washington,Kansas State
"Sirmon, Jackson",LB,NY Jets,California
"Skattebo, Cam",RB,NY Giants,Arizona State
"Skinner, JL",DB,Denver,Boise State
"Skipper, Dan",OT,Detroit,Arkansas
"Skoronski, Peter",OT,Tennessee,Northwestern
"Skowronek, Ben",WR,Houston,Notre Dame
"Skule, Justin",OT,Tampa Bay,Vanderbilt
"Slade, Jacob",DT,Pittsburgh,Michigan State
"Slater, Rashawn",OT,LA Chargers,Northwestern
"Slaton, Tedarrell",DT,Green Bay,Florida
"Slay, Darius",DB,Philadelphia,Mississippi State
"Slayton, Darius",WR,NY Giants,Auburn
"Slovis, Kedon",QB,Indianapolis,Brigham Young
"Slye, Joey",K,New England,Virginia Tech
"Slywka, Derek",DB,Indianapolis,Ithaca
"Small, Jabari",RB,Tennessee,Tennessee
"Smart, Tanzel",DT,NY Jets,Tulane
"Smartt, Stone",TE,LA Chargers,Old Dominion
"Smith, Ainias",WR,Philadelphia,Texas A&M
"Smith, Andre",LB,Denver,North Carolina
"Smith, Braden",OT,Indianapolis,Auburn
"Smith, Brandon",LB,Philadelphia,Penn State
"Smith, Cam",DB,Miami,South Carolina
"Smith, Chris",DT,Detroit,Notre Dame
"Smith, Christopher",DB,Las Vegas,Georgia
"Smith, D'Ante",OT,Cincinnati,East Carolina
"Smith, DeVonta",WR,Philadelphia,Alabama
"Smith, Elerson",DE,Las Vegas,Northern Iowa
"Smith, Geno",QB,Las Vegas,West Virginia
"Smith, Harrison",DB,Minnesota,Notre Dame
"Smith, Irv",TE,Kansas City,Alabama
"Smith, Jeff",WR,Arizona,Boston College
"Smith, Jonnu",TE,Miami,Florida International
"Smith, Keidron",DB,Denver,Kentucky
"Smith, Kion",OT,Miami,Fayetteville State
"Smith, Lecitus",OG,Green Bay,Virginia Tech
"Smith, Maason",DT,Jacksonville,Louisiana State
"Smith, Mazi",DT,Dallas,Michigan
"Smith, Nolan",LB,Philadelphia,Georgia
"Smith, Preston",LB,Green Bay,Mississippi State
"Smith, Roquan",LB,Baltimore,Georgia
"Smith, T.J.",DT,Carolina,Arkansas
"Smith, Terell",DB,Chicago,Minnesota
"Smith, Tre'Quan",WR,Detroit,Central Florida
"Smith, Tremon",DB,Denver,Central Arkansas
"Smith, Trey",OG,Kansas City,Tennessee
"Smith, Tykee",DB,Tampa Bay,Georgia
"Smith, Tyler",OT,Dallas,Tulsa
"Smith, Tyreke",LB,Arizona,Ohio State
"Smith, Tyron",OT,NY Jets,Southern California
"Smith, Xavier",WR,LA Rams,Florida A&M
"Smith, Za'Darius",DE,Cleveland,Kentucky
"Smith-Marsette, Ihmir",WR,Carolina,Iowa
"Smith-Njigba, Jaxon",WR,Seattle,Ohio State
"Smith-Schuster, JuJu",WR,New England,Southern California
"Smith-Wade, Chau",DB,Carolina,Washington State
"Smith-Williams, James",DE,Atlanta,North Carolina State
"Smoot, Dawuane",DE,Buffalo,Illinois
"Smyth, Charlie",K,New Orleans,--
"Smythe, Durham",TE,Miami,Notre Dame
"Sneed, L'Jarius",DB,Tennessee,Louisiana Tech
"Snowden, Charles",DE,Las Vegas,Virginia
"Solomon, Javon",DE,Buffalo,Troy State
"Sorsdal, Colby",OT,Detroit,William & Mary
"Sow, Sidy",OG,New England,Eastern Michigan
"Spann-Ford, Brevyn",TE,Dallas,Minnesota
"Spears, Tyjae",RB,Tennessee,Tulane
"Spector, Baylon",LB,Buffalo,Clemson
"Speed, Ameer",DB,Indianapolis,Michigan State
"Speed, E.J.",LB,Indianapolis,Tarleton State
"Speights, Omar",LB,LA Rams,Louisiana State
"Spencer, Cole",OG,Tennessee,Texas Tech
"Spillane, Robert",LB,Las Vegas,Western Michigan
"Spiller, Isaiah",RB,LA Chargers,Texas A&M
"St-Juste, Benjamin",DB,Washington,Minnesota
"St. Brown, Amon-Ra",WR,Detroit,Southern California
"St. Brown, Equanimeous",WR,New Orleans,Notre Dame
"Stafford, Matthew",QB,LA Rams,Georgia
"Stalbird, Isaiah",LB,New Orleans,South Dakota State
"Stanley, Dimitri",WR,Green Bay,Iowa State
"Stanley, Ronnie",OT,Baltimore,Notre Dame
"Starkey, Rory",WR,Green Bay,Samford
"Steele, Carson",RB,Kansas City,UCLA
"Steele, Terence",OT,Dallas,Texas Tech
"Steen, Tyler",OT,Philadelphia,Alabama
"Stephens, Brandon",DB,Baltimore,Southern Methodist
"Stephens, John",WR,Dallas,Louisiana-Lafayette
"Stephens, Shon",DB,Philadelphia,Ferris State
"Sterns, Caden",DB,Denver,Texas
"Stevenson, Rhamondre",RB,New England,Oklahoma
"Stevenson, Tyrique",DB,Chicago,Miami
"Steveson, Gable",DT,Buffalo,Minnesota
"Steward, Reddy",DB,Chicago,Troy State
"Stewart, Grover",DT,Indianapolis,Albany State
"Stewart, M.J.",DB,Houston,North Carolina
"Stick, Easton",QB,LA Chargers,North Dakota State
"Stidham, Jarrett",QB,Denver,Auburn
"Stiggers, Qwan'tez",DB,NY Jets,--
"Stilianos, Steven",TE,Tennessee,Iowa
"Still, Tarheeb",DB,LA Chargers,Maryland
"Stille, Ben",DT,Arizona,Nebraska
"Stills, Dante",DE,Arizona,West Virginia
"Stingley, Derek",DB,Houston,Louisiana State
"Stinnie, Aaron",OG,NY Giants,James Madison
"Stogner, Austin",TE,Atlanta,Oklahoma
"Stokes, Eric",DB,Green Bay,Georgia
"Stoll, Chris",LS,Seattle,Penn State
"Stoll, Jack",TE,NY Giants,Nebraska
"Stone, Geno",DB,Cincinnati,Iowa
"Stone, Ron",DE,Las Vegas,Washington State
"Stonehouse, Ryan",P,Tennessee,Colorado State
"Stoops, Drake",WR,LA Rams,Oklahoma
"Stout, Jordan",P,Baltimore,Penn State
"Stover, Cade",TE,Houston,Ohio State
"Strachan, Mike",WR,Carolina,Charleston
"Strange, Brenton",TE,Jacksonville,Penn State
"Strange, Cole",OG,New England,Tennessee-Chattanooga
"Street, Kentavius",DT,Atlanta,North Carolina State
"Strickland, Loren",DB,Detroit,Ball State
"Strnad, Justin",LB,Denver,Wake Forest
"Stroman, Greg",DB,Chicago,Virginia Tech
"Stromberg, Ricky",C,Washington,Arkansas
"Strong, Pierre",RB,Cleveland,South Dakota State
"Stroud, C.J.",QB,Houston,Ohio State
"Stuard, Grant",LB,Indianapolis,Houston
"Stueber, Andrew",OT,Atlanta,Michigan
"Suamataia, Kingsley",OT,Kansas City,Brigham Young
"Sudfeld, Nate",QB,Detroit,Indiana
"Sullivan, Stephen",TE,Carolina,Louisiana State
"Summers, Ty",LB,Jacksonville,Texas Christian
"Sundell, Jalen",OT,Seattle,North Dakota State
"Surratt, Chazz",LB,NY Jets,North Carolina
"Surtain, Patrick",DB,Denver,Alabama
"Sutherland, Keaton",OG,Jacksonville,Texas A&M
"Sutton, Cameron",DB,Pittsburgh,Tennessee
"Sutton, Courtland",WR,Denver,Southern Methodist
"Swain, Freddie",WR,Chicago,Florida
"Sweat, Josh",DE,Philadelphia,Florida State
"Sweat, Montez",DE,Chicago,Mississippi State
"Sweat, T'Vondre",DT,Tennessee,Texas
"Sweeney, Tommy",TE,Chicago,Boston College
"Swift, D'Andre",RB,Chicago,Georgia
"Swinson, Messiah",TE,Green Bay,Arizona State
